"participant_id","noun_condition","voice","ir_cr","ir_hit_rate","ir_fa_rate","wr_acc_score","ir_rt","wr_rt"
232,"HH","Active",0.84375,1,0.15625,1,896,1000.66666666667
232,"HH","Passive",0.84375,1,0.15625,1,1064.16666666667,973.5
232,"HL","Active",0.84375,1,0.15625,0.833333333333333,855.666666666667,1614.16666666667
232,"HL","Passive",0.84375,1,0.15625,0.5,981,12341.5
232,"LH","Active",0.84375,1,0.15625,0.833333333333333,868.666666666667,1188.5
232,"LH","Passive",0.677083333333333,0.833333333333333,0.15625,0.8,896.4,1009.2
232,"LL","Active",0.84375,1,0.15625,1,901.666666666667,1524.66666666667
232,"LL","Passive",0.84375,1,0.15625,0.666666666666667,973,1109.66666666667
235,"HH","Active",0.604166666666667,0.833333333333333,0.229166666666667,1,1669.8,1046
235,"HH","Passive",0.770833333333333,1,0.229166666666667,0.666666666666667,1875.83333333333,746.833333333333
235,"HL","Active",0.4375,0.666666666666667,0.229166666666667,0.75,1298.75,1880
235,"HL","Passive",0.770833333333333,1,0.229166666666667,0.5,1174.66666666667,1972.66666666667
235,"LH","Active",0.4375,0.666666666666667,0.229166666666667,1,1293.75,374
235,"LH","Passive",0.4375,0.666666666666667,0.229166666666667,0.5,1633.25,2416.75
235,"LL","Active",0.604166666666667,0.833333333333333,0.229166666666667,0.8,1839.2,757
235,"LL","Passive",0.104166666666667,0.333333333333333,0.229166666666667,1,1321,1289.5
236,"HH","Active",0.84375,1,0.15625,0.5,2065.33333333333,776.666666666667
236,"HH","Passive",0.84375,1,0.15625,0.666666666666667,1368.66666666667,235.666666666667
236,"HL","Active",0.677083333333333,0.833333333333333,0.15625,0.8,1424.8,756.6
236,"HL","Passive",0.84375,1,0.15625,0.666666666666667,1688,299.5
236,"LH","Active",0.677083333333333,0.833333333333333,0.15625,0.4,1680.8,1088.8
236,"LH","Passive",0.84375,1,0.15625,0.666666666666667,1965.83333333333,1156.16666666667
236,"LL","Active",0.84375,1,0.15625,0.666666666666667,2142.16666666667,433.333333333333
236,"LL","Passive",0.84375,1,0.15625,0.833333333333333,2038.5,948.166666666667
241,"HH","Active",0.614583333333333,0.833333333333333,0.21875,0.8,2037.4,413.8
241,"HH","Passive",0.78125,1,0.21875,0.666666666666667,2115.83333333333,2180.83333333333
241,"HL","Active",0.614583333333333,0.833333333333333,0.21875,0.6,1574.6,917.2
241,"HL","Passive",0.78125,1,0.21875,0.5,1651,737.833333333333
241,"LH","Active",0.447916666666667,0.666666666666667,0.21875,0.75,1963,1047.25
241,"LH","Passive",0.78125,1,0.21875,0.833333333333333,1698.33333333333,1072.33333333333
241,"LL","Active",0.614583333333333,0.833333333333333,0.21875,0.2,1811,355.2
241,"LL","Passive",0.78125,1,0.21875,0.333333333333333,1624.33333333333,1324.5
242,"HH","Active",0.979166666666667,1,0.0208333333333333,0.666666666666667,1891.66666666667,1209.83333333333
242,"HH","Passive",0.8125,0.833333333333333,0.0208333333333333,1,1969.8,1624.2
242,"HL","Active",0.8125,0.833333333333333,0.0208333333333333,0.8,1512,710.4
242,"HL","Passive",0.979166666666667,1,0.0208333333333333,0.833333333333333,1635.5,1024.66666666667
242,"LH","Active",0.979166666666667,1,0.0208333333333333,1,1578.16666666667,1092.83333333333
242,"LH","Passive",0.8125,0.833333333333333,0.0208333333333333,0.8,1667.8,434.4
242,"LL","Active",0.479166666666667,0.5,0.0208333333333333,0.666666666666667,1366.33333333333,544.333333333333
242,"LL","Passive",0.645833333333333,0.666666666666667,0.0208333333333333,0.5,2136.5,1173.25
243,"HH","Active",0.927083333333333,1,0.0729166666666667,1,1846.16666666667,809.333333333333
243,"HH","Passive",0.927083333333333,1,0.0729166666666667,1,2425.16666666667,721.333333333333
243,"HL","Active",0.927083333333333,1,0.0729166666666667,1,2357.83333333333,1066.83333333333
243,"HL","Passive",0.927083333333333,1,0.0729166666666667,0.833333333333333,2501.66666666667,1498.66666666667
243,"LH","Active",0.760416666666667,0.833333333333333,0.0729166666666667,1,2005.8,375.2
243,"LH","Passive",0.927083333333333,1,0.0729166666666667,1,2095.66666666667,593.666666666667
243,"LL","Active",0.760416666666667,0.833333333333333,0.0729166666666667,1,2073.2,464.4
243,"LL","Passive",0.927083333333333,1,0.0729166666666667,1,2333.5,697.666666666667
245,"HH","Active",0.359375,0.5,0.140625,0.5,1252.5,647.5
245,"HH","Passive",-0.140625,0,0.140625,NA,NA,NA
245,"HL","Active",0.359375,0.5,0.140625,1,1206.5,781
245,"HL","Passive",0.109375,0.25,0.140625,0,3834,915
245,"LH","Active",0.359375,0.5,0.140625,0.5,1690.5,708.5
245,"LH","Passive",0.109375,0.25,0.140625,0,1415,1014
245,"LL","Active",-0.140625,0,0.140625,NA,NA,NA
245,"LL","Passive",0.109375,0.25,0.140625,0,2128,98
246,"HH","Active",0.4375,0.5,0.0625,0.333333333333333,1949,697.666666666667
246,"HH","Passive",0.4375,0.5,0.0625,0.333333333333333,1582.66666666667,700
246,"HL","Active",0.4375,0.5,0.0625,1,1971,904
246,"HL","Passive",0.4375,0.5,0.0625,0.666666666666667,2017.33333333333,2280.66666666667
246,"LH","Active",0.4375,0.5,0.0625,0.333333333333333,1911.33333333333,1782
246,"LH","Passive",0.270833333333333,0.333333333333333,0.0625,1,1798.5,500
246,"LL","Active",0.4375,0.5,0.0625,1,1317.33333333333,3037.66666666667
246,"LL","Passive",0.4375,0.5,0.0625,0.666666666666667,1913.33333333333,312
247,"HH","Active",0.791666666666667,0.833333333333333,0.0416666666666667,1,1859.6,1326
247,"HH","Passive",0.958333333333333,1,0.0416666666666667,1,1807,1043.33333333333
247,"HL","Active",0.791666666666667,0.833333333333333,0.0416666666666667,0.8,1637.4,1109.2
247,"HL","Passive",0.625,0.666666666666667,0.0416666666666667,0.75,1830.25,1708.25
247,"LH","Active",0.958333333333333,1,0.0416666666666667,0.833333333333333,1817.83333333333,2267.83333333333
247,"LH","Passive",0.958333333333333,1,0.0416666666666667,0.833333333333333,1711.33333333333,900.666666666667
247,"LL","Active",0.791666666666667,0.833333333333333,0.0416666666666667,1,1987.8,954.2
247,"LL","Passive",0.791666666666667,0.833333333333333,0.0416666666666667,0.6,2019,2393
249,"HH","Active",0.760416666666667,1,0.239583333333333,1,1543,916.833333333333
249,"HH","Passive",0.260416666666667,0.5,0.239583333333333,0.333333333333333,1754.33333333333,725.333333333333
249,"HL","Active",0.260416666666667,0.5,0.239583333333333,1,1333.66666666667,1583.33333333333
249,"HL","Passive",0.760416666666667,1,0.239583333333333,0.833333333333333,1496.33333333333,745.833333333333
249,"LH","Active",0.59375,0.833333333333333,0.239583333333333,0.8,1209,696
249,"LH","Passive",0.59375,0.833333333333333,0.239583333333333,0.8,1636.4,1628.6
249,"LL","Active",0.427083333333333,0.666666666666667,0.239583333333333,1,1505.5,1117
249,"LL","Passive",0.260416666666667,0.5,0.239583333333333,1,1359,1332
251,"HH","Active",0.572916666666667,1,0.427083333333333,0.666666666666667,2368.66666666667,1249.5
251,"HH","Passive",0.572916666666667,1,0.427083333333333,0.833333333333333,2149.5,1218.66666666667
251,"HL","Active",0.572916666666667,1,0.427083333333333,1,1885.5,1487.16666666667
251,"HL","Passive",0.572916666666667,1,0.427083333333333,0.833333333333333,1653.5,1146.16666666667
251,"LH","Active",0.572916666666667,1,0.427083333333333,0.666666666666667,1775,811.666666666667
251,"LH","Passive",0.40625,0.833333333333333,0.427083333333333,0.8,2068.8,684.2
251,"LL","Active",0.572916666666667,1,0.427083333333333,1,2061,979.833333333333
251,"LL","Passive",0.572916666666667,1,0.427083333333333,0.833333333333333,1905.83333333333,805.333333333333
252,"HH","Active",0.895833333333333,1,0.104166666666667,1,1207.16666666667,556.5
252,"HH","Passive",0.895833333333333,1,0.104166666666667,1,1051.83333333333,1397.5
252,"HL","Active",0.729166666666667,0.833333333333333,0.104166666666667,1,1204.2,884
252,"HL","Passive",0.895833333333333,1,0.104166666666667,0.5,1486.66666666667,1450
252,"LH","Active",0.895833333333333,1,0.104166666666667,0.666666666666667,1262.16666666667,644.5
252,"LH","Passive",0.895833333333333,1,0.104166666666667,0.666666666666667,1471.16666666667,1554.66666666667
252,"LL","Active",0.895833333333333,1,0.104166666666667,0.666666666666667,1549.33333333333,837.666666666667
252,"LL","Passive",0.5625,0.666666666666667,0.104166666666667,1,1566.75,1843.5
253,"HH","Active",0.875,1,0.125,0.666666666666667,2165.66666666667,1346
253,"HH","Passive",0.875,1,0.125,0.666666666666667,1579.33333333333,876.5
253,"HL","Active",0.875,1,0.125,0.833333333333333,1229.33333333333,501
253,"HL","Passive",0.875,1,0.125,0.5,1450.83333333333,703.833333333333
253,"LH","Active",0.875,1,0.125,0.5,2170.83333333333,1004.16666666667
253,"LH","Passive",0.875,1,0.125,0.666666666666667,1365.83333333333,852.5
253,"LL","Active",0.875,1,0.125,0.666666666666667,1578.16666666667,279
253,"LL","Passive",0.875,1,0.125,0.166666666666667,1704.33333333333,648.666666666667
254,"HH","Active",0.0208333333333333,0.333333333333333,0.3125,0.5,2145.5,185
254,"HH","Passive",0.520833333333333,0.833333333333333,0.3125,0.6,1882,356.6
254,"HL","Active",0.6875,1,0.3125,0.833333333333333,2098.66666666667,358.166666666667
254,"HL","Passive",0.520833333333333,0.833333333333333,0.3125,0.8,2388.4,628
254,"LH","Active",0.354166666666667,0.666666666666667,0.3125,1,2129,288.75
254,"LH","Passive",0.520833333333333,0.833333333333333,0.3125,0.8,2085.6,1457.6
254,"LL","Active",0.520833333333333,0.833333333333333,0.3125,1,2048.4,305.8
254,"LL","Passive",0.520833333333333,0.833333333333333,0.3125,0.6,2355,345.2
256,"HH","Active",0.8125,1,0.1875,0.833333333333333,1693,361.166666666667
256,"HH","Passive",0.8125,1,0.1875,0.833333333333333,2259.66666666667,987.666666666667
256,"HL","Active",0.8125,1,0.1875,0.833333333333333,2364,1248.33333333333
256,"HL","Passive",0.8125,1,0.1875,0.666666666666667,2813.16666666667,1437
256,"LH","Active",0.8125,1,0.1875,0.666666666666667,2225.66666666667,1014.33333333333
256,"LH","Passive",0.8125,1,0.1875,0.833333333333333,2006.16666666667,392.666666666667
256,"LL","Active",0.645833333333333,0.833333333333333,0.1875,0.6,2447.6,1272.8
256,"LL","Passive",0.479166666666667,0.666666666666667,0.1875,0.75,2142,1334
257,"HH","Active",0.354166666666667,0.5,0.145833333333333,0.666666666666667,1844,93.6666666666667
257,"HH","Passive",0.354166666666667,0.5,0.145833333333333,0.666666666666667,2117,592
257,"HL","Active",0.354166666666667,0.5,0.145833333333333,0.666666666666667,1688.33333333333,162.333333333333
257,"HL","Passive",0.1875,0.333333333333333,0.145833333333333,0.5,1950.5,619
257,"LH","Active",0.520833333333333,0.666666666666667,0.145833333333333,0.75,1898.75,92
257,"LH","Passive",0.1875,0.333333333333333,0.145833333333333,0.5,1915,137.5
257,"LL","Active",0.854166666666667,1,0.145833333333333,0.5,2255.66666666667,164.833333333333
257,"LL","Passive",0.520833333333333,0.666666666666667,0.145833333333333,0.75,2615.75,113
258,"HH","Active",1,1,0,0.75,2184.75,2765.75
258,"HH","Passive",0.75,0.75,0,1,1733.66666666667,705.666666666667
258,"HL","Active",0.75,0.75,0,1,2524.33333333333,481.666666666667
258,"HL","Passive",1,1,0,0.75,1842.5,300.75
258,"LH","Active",0.75,0.75,0,1,2654.66666666667,412.666666666667
258,"LH","Passive",0.75,0.75,0,1,2301,844.666666666667
258,"LL","Active",1,1,0,1,1943,325.75
258,"LL","Passive",1,1,0,0.25,2118.25,975.25
259,"HH","Active",0.541666666666667,0.833333333333333,0.291666666666667,0.6,1814.6,2369.8
259,"HH","Passive",0.375,0.666666666666667,0.291666666666667,1,2107.75,1168.5
259,"HL","Active",0.541666666666667,0.833333333333333,0.291666666666667,0.6,1941.4,1513
259,"HL","Passive",0.541666666666667,0.833333333333333,0.291666666666667,0.6,1476.6,925.8
259,"LH","Active",0.541666666666667,0.833333333333333,0.291666666666667,0.8,1439.8,1365
259,"LH","Passive",0.375,0.666666666666667,0.291666666666667,0.75,2046,1473
259,"LL","Active",0.541666666666667,0.833333333333333,0.291666666666667,0.8,1838.2,1820.8
259,"LL","Passive",0.541666666666667,0.833333333333333,0.291666666666667,0.4,1696,2549.4
260,"HH","Active",0.59375,0.666666666666667,0.0729166666666667,0.75,2156.75,435.5
260,"HH","Passive",0.760416666666667,0.833333333333333,0.0729166666666667,0.6,2068.6,846
260,"HL","Active",0.760416666666667,0.833333333333333,0.0729166666666667,0.8,1638.6,1935.4
260,"HL","Passive",0.927083333333333,1,0.0729166666666667,0.666666666666667,1663,1282.33333333333
260,"LH","Active",0.760416666666667,0.833333333333333,0.0729166666666667,0.8,1766.8,509.2
260,"LH","Passive",0.760416666666667,0.833333333333333,0.0729166666666667,1,1635.2,483.2
260,"LL","Active",0.760416666666667,0.833333333333333,0.0729166666666667,0.8,2296,564.6
260,"LL","Passive",0.59375,0.666666666666667,0.0729166666666667,0.75,2044,501.75
261,"HH","Active",0.739583333333333,1,0.260416666666667,0.666666666666667,1132.5,456.333333333333
261,"HH","Passive",0.739583333333333,1,0.260416666666667,0.833333333333333,1381.5,1659.33333333333
261,"HL","Active",0.739583333333333,1,0.260416666666667,0.833333333333333,1429.33333333333,1081.33333333333
261,"HL","Passive",0.739583333333333,1,0.260416666666667,0.833333333333333,1697.33333333333,788.666666666667
261,"LH","Active",0.739583333333333,1,0.260416666666667,1,1215.5,516.666666666667
261,"LH","Passive",0.739583333333333,1,0.260416666666667,1,1484.16666666667,627.5
261,"LL","Active",0.739583333333333,1,0.260416666666667,0.666666666666667,1427.83333333333,903.666666666667
261,"LL","Passive",0.739583333333333,1,0.260416666666667,0.833333333333333,1563.66666666667,636.666666666667
262,"HH","Active",0.9375,1,0.0625,0.5,1992.83333333333,733
262,"HH","Passive",0.9375,1,0.0625,0.833333333333333,2184.16666666667,471
262,"HL","Active",0.4375,0.5,0.0625,1,2269,378
262,"HL","Passive",0.770833333333333,0.833333333333333,0.0625,0.8,2451,1823
262,"LH","Active",0.9375,1,0.0625,0.833333333333333,1743.66666666667,655
262,"LH","Passive",0.9375,1,0.0625,0.833333333333333,1897.16666666667,365.166666666667
262,"LL","Active",0.270833333333333,0.333333333333333,0.0625,1,1545.5,287.5
262,"LL","Passive",0.770833333333333,0.833333333333333,0.0625,0.6,2621.2,1172.4
263,"HH","Active",0.65625,0.833333333333333,0.177083333333333,0.4,2173.2,794
263,"HH","Passive",0.65625,0.833333333333333,0.177083333333333,0.6,1790.8,406.4
263,"HL","Active",0.322916666666667,0.5,0.177083333333333,0.333333333333333,1892,1252.66666666667
263,"HL","Passive",0.322916666666667,0.5,0.177083333333333,1,2192,924.666666666667
263,"LH","Active",0.489583333333333,0.666666666666667,0.177083333333333,0.5,1569,733.5
263,"LH","Passive",0.489583333333333,0.666666666666667,0.177083333333333,1,1488,806.75
263,"LL","Active",0.489583333333333,0.666666666666667,0.177083333333333,0.5,1443,1099
263,"LL","Passive",0.822916666666667,1,0.177083333333333,0.5,1740.83333333333,406.833333333333
264,"HH","Active",0.875,1,0.125,0.833333333333333,1457.66666666667,870
264,"HH","Passive",0.708333333333333,0.833333333333333,0.125,1,1179.2,868.8
264,"HL","Active",0.875,1,0.125,0.833333333333333,1126.83333333333,981.666666666667
264,"HL","Passive",0.875,1,0.125,0.833333333333333,1298.66666666667,1035.66666666667
264,"LH","Active",0.875,1,0.125,0.833333333333333,1259.5,1039.16666666667
264,"LH","Passive",0.875,1,0.125,1,1105,1033.33333333333
264,"LL","Active",0.708333333333333,0.833333333333333,0.125,0.8,1203.4,601.8
264,"LL","Passive",0.708333333333333,0.833333333333333,0.125,0.8,1075.2,722.4
266,"HH","Active",0.708333333333333,0.833333333333333,0.125,0.8,1134.2,693.4
266,"HH","Passive",0.708333333333333,0.833333333333333,0.125,0.4,1907.2,1894.2
266,"HL","Active",0.708333333333333,0.833333333333333,0.125,0.8,2108.6,469.8
266,"HL","Passive",0.875,1,0.125,0.833333333333333,1198.16666666667,1466.66666666667
266,"LH","Active",0.541666666666667,0.666666666666667,0.125,0.5,1089.75,226.25
266,"LH","Passive",0.875,1,0.125,0.833333333333333,1285,921.166666666667
266,"LL","Active",0.708333333333333,0.833333333333333,0.125,0.6,1428,618.6
266,"LL","Passive",0.875,1,0.125,0.833333333333333,1507,870.166666666667
267,"HH","Active",0.791666666666667,1,0.208333333333333,0.5,1471.16666666667,1326.66666666667
267,"HH","Passive",0.791666666666667,1,0.208333333333333,1,2034.66666666667,1020.16666666667
267,"HL","Active",0.791666666666667,1,0.208333333333333,0.833333333333333,1722.5,1954.5
267,"HL","Passive",0.625,0.833333333333333,0.208333333333333,0.6,1449.4,1179.6
267,"LH","Active",0.625,0.833333333333333,0.208333333333333,0.8,1669.6,570.4
267,"LH","Passive",0.791666666666667,1,0.208333333333333,0.666666666666667,1618.33333333333,213.666666666667
267,"LL","Active",0.791666666666667,1,0.208333333333333,0.5,1890,1206.66666666667
267,"LL","Passive",0.791666666666667,1,0.208333333333333,0.5,1667,2022.83333333333
269,"HH","Active",0.96875,1,0.03125,0.833333333333333,1215.33333333333,1512.83333333333
269,"HH","Passive",0.96875,1,0.03125,1,1367.16666666667,999.333333333333
269,"HL","Active",0.635416666666667,0.666666666666667,0.03125,1,1367,836.25
269,"HL","Passive",0.96875,1,0.03125,0.833333333333333,1339.16666666667,1305.5
269,"LH","Active",0.96875,1,0.03125,1,1236.66666666667,856.5
269,"LH","Passive",0.46875,0.5,0.03125,1,1353.33333333333,2297
269,"LL","Active",0.635416666666667,0.666666666666667,0.03125,1,2369.5,1643.5
269,"LL","Passive",0.96875,1,0.03125,0.666666666666667,1258.33333333333,924.166666666667
270,"HH","Active",0.15625,0.166666666666667,0.0104166666666667,1,1874,624
270,"HH","Passive",0.65625,0.666666666666667,0.0104166666666667,1,1657.25,1717.25
270,"HL","Active",0.822916666666667,0.833333333333333,0.0104166666666667,0.8,2313,1956.8
270,"HL","Passive",0.65625,0.666666666666667,0.0104166666666667,1,1855.75,2153.75
270,"LH","Active",0.822916666666667,0.833333333333333,0.0104166666666667,1,1744.6,6588.2
270,"LH","Passive",0.822916666666667,0.833333333333333,0.0104166666666667,1,1798.4,2423.2
270,"LL","Active",0.65625,0.666666666666667,0.0104166666666667,0.75,1958.5,1352
270,"LL","Passive",0.989583333333333,1,0.0104166666666667,1,1967.66666666667,868.333333333333
273,"HH","Active",0.4375,0.5,0.0625,1,1167.66666666667,1560
273,"HH","Passive",0.4375,0.5,0.0625,0.666666666666667,1793,1124.33333333333
273,"HL","Active",0.604166666666667,0.666666666666667,0.0625,0.5,1096.75,789.5
273,"HL","Passive",0.770833333333333,0.833333333333333,0.0625,0.4,2118.6,414
273,"LH","Active",0.604166666666667,0.666666666666667,0.0625,0.5,1974,717.5
273,"LH","Passive",0.4375,0.5,0.0625,0.666666666666667,2618.33333333333,1215
273,"LL","Active",0.604166666666667,0.666666666666667,0.0625,0.75,1524,751.25
273,"LL","Passive",0.4375,0.5,0.0625,0.333333333333333,1866.66666666667,367.666666666667
276,"HH","Active",0.541666666666667,0.666666666666667,0.125,0.75,1495,519
276,"HH","Passive",0.708333333333333,0.833333333333333,0.125,0.8,2720.4,824.4
276,"HL","Active",0.375,0.5,0.125,1,1665,2127.33333333333
276,"HL","Passive",0.541666666666667,0.666666666666667,0.125,0,2433.25,1389.75
276,"LH","Active",0.708333333333333,0.833333333333333,0.125,0.8,1877.6,2149.6
276,"LH","Passive",0.875,1,0.125,1,2093.66666666667,1306.83333333333
276,"LL","Active",0.708333333333333,0.833333333333333,0.125,0.4,2001.4,924.6
276,"LL","Passive",0.375,0.5,0.125,0.666666666666667,2377.33333333333,2327
277,"HH","Active",0.78125,1,0.21875,0.5,1508.16666666667,746
277,"HH","Passive",0.78125,1,0.21875,0.833333333333333,1855,278.666666666667
277,"HL","Active",0.614583333333333,0.833333333333333,0.21875,0.8,1150.8,244.8
277,"HL","Passive",0.78125,1,0.21875,0.833333333333333,1411.66666666667,257.5
277,"LH","Active",0.78125,1,0.21875,0.833333333333333,1499,957.5
277,"LH","Passive",0.78125,1,0.21875,0.833333333333333,1932.5,763.666666666667
277,"LL","Active",0.78125,1,0.21875,0.833333333333333,1584.16666666667,1255.5
277,"LL","Passive",0.78125,1,0.21875,0.5,1733.33333333333,462.833333333333
279,"HH","Active",0.895833333333333,1,0.104166666666667,1,1722.66666666667,762
279,"HH","Passive",0.895833333333333,1,0.104166666666667,0.666666666666667,2235.33333333333,1452.5
279,"HL","Active",0.895833333333333,1,0.104166666666667,0.5,1622.5,1222
279,"HL","Passive",0.895833333333333,1,0.104166666666667,0.666666666666667,2066.66666666667,704.666666666667
279,"LH","Active",0.729166666666667,0.833333333333333,0.104166666666667,0.8,1841.8,498.8
279,"LH","Passive",0.895833333333333,1,0.104166666666667,0.833333333333333,2219,276
279,"LL","Active",0.895833333333333,1,0.104166666666667,0.666666666666667,1819.5,438.166666666667
279,"LL","Passive",0.5625,0.666666666666667,0.104166666666667,0.5,2286,1361.75
280,"HH","Active",0.916666666666667,1,0.0833333333333333,1,1790.16666666667,1818.5
280,"HH","Passive",0.916666666666667,1,0.0833333333333333,1,1641.66666666667,767.333333333333
280,"HL","Active",0.916666666666667,1,0.0833333333333333,1,1632,948.166666666667
280,"HL","Passive",0.916666666666667,1,0.0833333333333333,0.833333333333333,2036.16666666667,1575.16666666667
280,"LH","Active",0.916666666666667,1,0.0833333333333333,0.833333333333333,1553.83333333333,1309.66666666667
280,"LH","Passive",0.916666666666667,1,0.0833333333333333,1,1454.5,1460.83333333333
280,"LL","Active",0.75,0.833333333333333,0.0833333333333333,1,1504.4,1144.8
280,"LL","Passive",0.916666666666667,1,0.0833333333333333,0.833333333333333,1676.66666666667,1987.16666666667
281,"HH","Active",0.28125,0.666666666666667,0.385416666666667,0.75,1435.75,354.75
281,"HH","Passive",0.447916666666667,0.833333333333333,0.385416666666667,1,2038.2,565.2
281,"HL","Active",0.614583333333333,1,0.385416666666667,0.833333333333333,1553.16666666667,368.5
281,"HL","Passive",0.447916666666667,0.833333333333333,0.385416666666667,0.4,1508.2,352.6
281,"LH","Active",0.447916666666667,0.833333333333333,0.385416666666667,0.8,1628.6,594.8
281,"LH","Passive",0.114583333333333,0.5,0.385416666666667,1,1531,554.333333333333
281,"LL","Active",0.614583333333333,1,0.385416666666667,0.333333333333333,1815,686.666666666667
281,"LL","Passive",0.614583333333333,1,0.385416666666667,0.833333333333333,1646.16666666667,342
282,"HH","Active",0.75,1,0.25,0.666666666666667,1446.33333333333,403.333333333333
282,"HH","Passive",0.75,1,0.25,1,2048.5,1198
282,"HL","Active",0.75,1,0.25,0.666666666666667,1498.16666666667,2995
282,"HL","Passive",0.583333333333333,0.833333333333333,0.25,1,1917.4,2542
282,"LH","Active",0.583333333333333,0.833333333333333,0.25,0.6,1498.8,761
282,"LH","Passive",0.75,1,0.25,0.666666666666667,1593.16666666667,325.833333333333
282,"LL","Active",0.416666666666667,0.666666666666667,0.25,0.75,1378,1209.25
282,"LL","Passive",0.75,1,0.25,0.833333333333333,1743.83333333333,3655.66666666667
283,"HH","Active",0.604166666666667,0.666666666666667,0.0625,0.5,1675.75,2000.75
283,"HH","Passive",0.4375,0.5,0.0625,0.666666666666667,1779,6671.66666666667
283,"HL","Active",0.4375,0.5,0.0625,0.666666666666667,1928.66666666667,3167
283,"HL","Passive",0.4375,0.5,0.0625,0.333333333333333,1852.33333333333,737
283,"LH","Active",0.604166666666667,0.666666666666667,0.0625,0.75,1863.75,1267.25
283,"LH","Passive",0.4375,0.5,0.0625,0.666666666666667,2123,1304
283,"LL","Active",0.4375,0.5,0.0625,0.333333333333333,1926,932.666666666667
283,"LL","Passive",0.4375,0.5,0.0625,1,1375,864.666666666667
285,"HH","Active",0.770833333333333,0.833333333333333,0.0625,1,1313.2,510.4
285,"HH","Passive",0.9375,1,0.0625,0.5,1494.83333333333,839.5
285,"HL","Active",0.9375,1,0.0625,0.833333333333333,1326.66666666667,517.666666666667
285,"HL","Passive",0.9375,1,0.0625,0.833333333333333,1704.33333333333,728.333333333333
285,"LH","Active",0.9375,1,0.0625,0.833333333333333,1203,366.166666666667
285,"LH","Passive",0.9375,1,0.0625,1,1393.5,437.333333333333
285,"LL","Active",0.9375,1,0.0625,0.833333333333333,1427.16666666667,978
285,"LL","Passive",0.770833333333333,0.833333333333333,0.0625,1,1311,790.4
286,"HH","Active",0.375,0.5,0.125,0.666666666666667,1798.33333333333,741.666666666667
286,"HH","Passive",0.375,0.5,0.125,0.333333333333333,1716.66666666667,455.666666666667
286,"HL","Active",0.708333333333333,0.833333333333333,0.125,1,1966.2,656.2
286,"HL","Passive",0.208333333333333,0.333333333333333,0.125,1,1583,868.5
286,"LH","Active",0.708333333333333,0.833333333333333,0.125,0.8,1281.4,878.4
286,"LH","Passive",0.375,0.5,0.125,0.666666666666667,1462,532
286,"LL","Active",0.375,0.5,0.125,0.666666666666667,1694.33333333333,1273.66666666667
286,"LL","Passive",0.541666666666667,0.666666666666667,0.125,1,2105.75,868.5
289,"HH","Active",0.40625,0.5,0.09375,0.666666666666667,2097,455.666666666667
289,"HH","Passive",0.739583333333333,0.833333333333333,0.09375,1,2096.8,580.6
289,"HL","Active",0.90625,1,0.09375,0.5,1592.83333333333,646.166666666667
289,"HL","Passive",0.572916666666667,0.666666666666667,0.09375,1,1851.5,451
289,"LH","Active",0.90625,1,0.09375,0.5,2099.5,1283.66666666667
289,"LH","Passive",0.90625,1,0.09375,0.666666666666667,1977.83333333333,811
289,"LL","Active",0.90625,1,0.09375,0.833333333333333,1979,886.333333333333
289,"LL","Passive",0.739583333333333,0.833333333333333,0.09375,0.6,2145.6,1729.2
290,"HH","Active",0.90625,1,0.09375,0.833333333333333,1657.83333333333,1878.5
290,"HH","Passive",0.90625,1,0.09375,1,1746,3134.66666666667
290,"HL","Active",0.90625,1,0.09375,0.833333333333333,1360.16666666667,2103.66666666667
290,"HL","Passive",0.739583333333333,0.833333333333333,0.09375,0.6,1374,2745.6
290,"LH","Active",0.572916666666667,0.666666666666667,0.09375,0.75,1463,2822.5
290,"LH","Passive",0.90625,1,0.09375,0.666666666666667,2618.33333333333,1863.66666666667
290,"LL","Active",0.90625,1,0.09375,0.666666666666667,2291.16666666667,3920.5
290,"LL","Passive",0.90625,1,0.09375,1,1667.83333333333,2476
292,"HH","Active",0.4375,0.833333333333333,0.395833333333333,1,1266,696.2
292,"HH","Passive",0.604166666666667,1,0.395833333333333,0.333333333333333,1223.83333333333,703.833333333333
292,"HL","Active",0.604166666666667,1,0.395833333333333,0.5,1024.33333333333,878.5
292,"HL","Passive",0.4375,0.833333333333333,0.395833333333333,0.8,1221.2,868.4
292,"LH","Active",0.604166666666667,1,0.395833333333333,0.5,958.833333333333,941
292,"LH","Passive",0.604166666666667,1,0.395833333333333,0.833333333333333,1163.83333333333,753.833333333333
292,"LL","Active",0.270833333333333,0.666666666666667,0.395833333333333,0.75,1457.75,833
292,"LL","Passive",0.604166666666667,1,0.395833333333333,0.833333333333333,1105.66666666667,757
293,"HH","Active",0.739583333333333,0.833333333333333,0.09375,1,1733.6,1239.2
293,"HH","Passive",0.90625,1,0.09375,0.833333333333333,1876.66666666667,1048.33333333333
293,"HL","Active",0.739583333333333,0.833333333333333,0.09375,0.8,2031,868.4
293,"HL","Passive",0.90625,1,0.09375,0.833333333333333,2096.66666666667,1031
293,"LH","Active",0.739583333333333,0.833333333333333,0.09375,0.8,1742.4,1754.6
293,"LH","Passive",0.739583333333333,0.833333333333333,0.09375,0.8,1639.8,1418.2
293,"LL","Active",0.90625,1,0.09375,0.5,1493,969.833333333333
293,"LL","Passive",0.572916666666667,0.666666666666667,0.09375,0.75,1925.5,1444.5
294,"HH","Active",0.75,1,0.25,1,1518.75,569.75
294,"HH","Passive",0.75,1,0.25,0.25,1597.5,482.25
294,"HL","Active",0.75,1,0.25,0.5,942.5,404.5
294,"HL","Passive",0.75,1,0.25,0.75,2075.25,1066
294,"LH","Active",0.75,1,0.25,0.5,2221.25,800.5
294,"LH","Passive",0.5,0.75,0.25,0.333333333333333,1323.66666666667,413.666666666667
294,"LL","Active",0.5,0.75,0.25,0.666666666666667,1216.33333333333,532.666666666667
294,"LL","Passive",0.75,1,0.25,0.5,1352,377.25
295,"HH","Active",0.78125,0.833333333333333,0.0520833333333333,1,1827.8,1241.4
295,"HH","Passive",0.947916666666667,1,0.0520833333333333,0.833333333333333,1721.83333333333,1164
295,"HL","Active",0.947916666666667,1,0.0520833333333333,0.833333333333333,1633,884.666666666667
295,"HL","Passive",0.947916666666667,1,0.0520833333333333,0.666666666666667,1722.33333333333,1151.83333333333
295,"LH","Active",0.78125,0.833333333333333,0.0520833333333333,1,1284.6,870
295,"LH","Passive",0.947916666666667,1,0.0520833333333333,0.5,1686.83333333333,925.666666666667
295,"LL","Active",0.78125,0.833333333333333,0.0520833333333333,1,1344,713.4
295,"LL","Passive",0.78125,0.833333333333333,0.0520833333333333,0.8,2143,884.8
296,"HH","Active",0.708333333333333,0.833333333333333,0.125,0.8,1523.2,1522.8
296,"HH","Passive",0.708333333333333,0.833333333333333,0.125,0.8,1743.2,1439.6
296,"HL","Active",0.875,1,0.125,0.833333333333333,2028.5,1461
296,"HL","Passive",0.875,1,0.125,0.833333333333333,1744.16666666667,1874.16666666667
296,"LH","Active",0.708333333333333,0.833333333333333,0.125,0.8,1385,1655.6
296,"LH","Passive",0.875,1,0.125,0.5,1249.5,1206
296,"LL","Active",0.541666666666667,0.666666666666667,0.125,0.75,1283,2039.25
296,"LL","Passive",0.875,1,0.125,1,1667.83333333333,3563.33333333333
297,"HH","Active",0.4375,0.75,0.3125,0.333333333333333,1426.66666666667,924
297,"HH","Passive",0.6875,1,0.3125,0.5,1598,1197
297,"HL","Active",0.6875,1,0.3125,0.75,1391,1048.25
297,"HL","Passive",0.6875,1,0.3125,0.25,1526,1543.25
297,"LH","Active",0.4375,0.75,0.3125,0.666666666666667,1401.66666666667,550
297,"LH","Passive",0.6875,1,0.3125,0.75,1432,539.5
297,"LL","Active",0.6875,1,0.3125,0.75,1812,943
297,"LL","Passive",0.4375,0.75,0.3125,1,1465.66666666667,327
298,"HH","Active",0.739583333333333,0.833333333333333,0.09375,0.8,1453.2,897.8
298,"HH","Passive",0.572916666666667,0.666666666666667,0.09375,0.75,1610,578
298,"HL","Active",0.572916666666667,0.666666666666667,0.09375,0.75,1572,492.25
298,"HL","Passive",0.572916666666667,0.666666666666667,0.09375,0.75,1478.75,648.25
298,"LH","Active",0.40625,0.5,0.09375,0.666666666666667,2001.33333333333,2816.33333333333
298,"LH","Passive",0.739583333333333,0.833333333333333,0.09375,0.6,1409.8,424
298,"LL","Active",0.40625,0.5,0.09375,1,1323.33333333333,1392.33333333333
298,"LL","Passive",0.239583333333333,0.333333333333333,0.09375,1,2955.5,805
302,"HH","Active",0.8125,1,0.1875,0.666666666666667,1341.16666666667,601.166666666667
302,"HH","Passive",0.479166666666667,0.666666666666667,0.1875,1,1983.75,471.25
302,"HL","Active",0.645833333333333,0.833333333333333,0.1875,0.8,1412.2,600.2
302,"HL","Passive",0.645833333333333,0.833333333333333,0.1875,0.4,1738.2,632
302,"LH","Active",0.8125,1,0.1875,0.833333333333333,1652,652.833333333333
302,"LH","Passive",0.3125,0.5,0.1875,0.333333333333333,1468.66666666667,1004.66666666667
302,"LL","Active",0.3125,0.5,0.1875,0.333333333333333,2092,470
302,"LL","Passive",0.645833333333333,0.833333333333333,0.1875,0.8,1570.6,558.2
303,"HH","Active",0.78125,0.833333333333333,0.0520833333333333,0.6,2204.4,3467.2
303,"HH","Passive",0.947916666666667,1,0.0520833333333333,0.666666666666667,2206.33333333333,1011.5
303,"HL","Active",0.947916666666667,1,0.0520833333333333,1,2276.83333333333,2033.33333333333
303,"HL","Passive",0.78125,0.833333333333333,0.0520833333333333,1,2153,1336.6
303,"LH","Active",0.947916666666667,1,0.0520833333333333,1,2438.33333333333,1990
303,"LH","Passive",0.614583333333333,0.666666666666667,0.0520833333333333,0.5,2211,1962.5
303,"LL","Active",0.614583333333333,0.666666666666667,0.0520833333333333,0.25,2453.5,3344.75
303,"LL","Passive",0.947916666666667,1,0.0520833333333333,0.833333333333333,2014.5,1132.83333333333
304,"HH","Active",0.645833333333333,0.833333333333333,0.1875,1,2250.8,733.8
304,"HH","Passive",0.3125,0.5,0.1875,1,1897.66666666667,2278.33333333333
304,"HL","Active",0.479166666666667,0.666666666666667,0.1875,0.75,2040.5,2090.25
304,"HL","Passive",0.479166666666667,0.666666666666667,0.1875,0.75,1850.75,867.75
304,"LH","Active",0.8125,1,0.1875,0.833333333333333,2157.83333333333,2040
304,"LH","Passive",0.8125,1,0.1875,1,1937.83333333333,1097.66666666667
304,"LL","Active",0.479166666666667,0.666666666666667,0.1875,1,1542.75,856.75
304,"LL","Passive",0.3125,0.5,0.1875,1,1648.33333333333,1339.33333333333
305,"HH","Active",0.854166666666667,1,0.145833333333333,1,1409.83333333333,527.666666666667
305,"HH","Passive",0.854166666666667,1,0.145833333333333,0.833333333333333,1912.5,672.666666666667
305,"HL","Active",0.854166666666667,1,0.145833333333333,1,1479,334.166666666667
305,"HL","Passive",0.854166666666667,1,0.145833333333333,1,1948.33333333333,627.5
305,"LH","Active",0.854166666666667,1,0.145833333333333,1,1401.66666666667,488.666666666667
305,"LH","Passive",0.854166666666667,1,0.145833333333333,0.833333333333333,1218.16666666667,258.333333333333
305,"LL","Active",0.854166666666667,1,0.145833333333333,0.833333333333333,1953.66666666667,624
305,"LL","Passive",0.854166666666667,1,0.145833333333333,1,2091.66666666667,770.666666666667
307,"HH","Active",0.822916666666667,1,0.177083333333333,1,1038.83333333333,4357.33333333333
307,"HH","Passive",0.822916666666667,1,0.177083333333333,1,1052,1174.33333333333
307,"HL","Active",0.822916666666667,1,0.177083333333333,0.833333333333333,869.166666666667,3520.83333333333
307,"HL","Passive",0.822916666666667,1,0.177083333333333,0.833333333333333,916.833333333333,1861.33333333333
307,"LH","Active",0.822916666666667,1,0.177083333333333,0.833333333333333,874.166666666667,1223.16666666667
307,"LH","Passive",0.822916666666667,1,0.177083333333333,0.666666666666667,911.333333333333,1463.66666666667
307,"LL","Active",0.822916666666667,1,0.177083333333333,0.833333333333333,827.333333333333,1519.83333333333
307,"LL","Passive",0.822916666666667,1,0.177083333333333,0.666666666666667,962.666666666667,1429
308,"HH","Active",0.520833333333333,0.833333333333333,0.3125,0.6,1859.2,1610.6
308,"HH","Passive",0.520833333333333,0.833333333333333,0.3125,0.4,1992.4,1958.2
308,"HL","Active",0.520833333333333,0.833333333333333,0.3125,0.6,1799.6,1511.2
308,"HL","Passive",0.6875,1,0.3125,0.833333333333333,2244.5,1354.83333333333
308,"LH","Active",0.520833333333333,0.833333333333333,0.3125,0.4,1689.2,818.6
308,"LH","Passive",0.6875,1,0.3125,1,1912.66666666667,1099.5
308,"LL","Active",0.520833333333333,0.833333333333333,0.3125,0.8,1609.6,2169.6
308,"LL","Passive",0.6875,1,0.3125,0.833333333333333,1967.66666666667,1504.83333333333
309,"HH","Active",0.447916666666667,0.5,0.0520833333333333,0.666666666666667,1790.33333333333,533
309,"HH","Passive",0.28125,0.333333333333333,0.0520833333333333,1,1615.5,874
309,"HL","Active",0.28125,0.333333333333333,0.0520833333333333,0.5,2041,312
309,"HL","Passive",-0.0520833333333333,0,0.0520833333333333,NA,NA,NA
309,"LH","Active",-0.0520833333333333,0,0.0520833333333333,NA,NA,NA
309,"LH","Passive",0.114583333333333,0.166666666666667,0.0520833333333333,0,2963,2204
309,"LL","Active",-0.0520833333333333,0,0.0520833333333333,NA,NA,NA
309,"LL","Passive",0.114583333333333,0.166666666666667,0.0520833333333333,1,1278,288
310,"HH","Active",0.895833333333333,1,0.104166666666667,0.5,1479.66666666667,1547.83333333333
310,"HH","Passive",0.5625,0.666666666666667,0.104166666666667,0.5,2008,2139.5
310,"HL","Active",0.895833333333333,1,0.104166666666667,0.666666666666667,1337.83333333333,1494.33333333333
310,"HL","Passive",0.895833333333333,1,0.104166666666667,0.666666666666667,1818.33333333333,682.333333333333
310,"LH","Active",0.895833333333333,1,0.104166666666667,0.333333333333333,1599,882.5
310,"LH","Passive",0.729166666666667,0.833333333333333,0.104166666666667,0.6,1158.8,892.4
310,"LL","Active",0.729166666666667,0.833333333333333,0.104166666666667,1,1351.4,663.2
310,"LL","Passive",0.229166666666667,0.333333333333333,0.104166666666667,0,1503,3376.5
311,"HH","Active",0.864583333333333,1,0.135416666666667,0.666666666666667,1719.16666666667,1504
311,"HH","Passive",0.697916666666667,0.833333333333333,0.135416666666667,0.4,2009.8,1263
311,"HL","Active",0.697916666666667,0.833333333333333,0.135416666666667,1,2140.4,1472
311,"HL","Passive",0.864583333333333,1,0.135416666666667,1,1969,2130.66666666667
311,"LH","Active",0.864583333333333,1,0.135416666666667,0.833333333333333,2176.66666666667,1038.16666666667
311,"LH","Passive",0.864583333333333,1,0.135416666666667,0.666666666666667,1921.16666666667,1007.66666666667
311,"LL","Active",0.864583333333333,1,0.135416666666667,0.833333333333333,2118.83333333333,1228.83333333333
311,"LL","Passive",0.53125,0.666666666666667,0.135416666666667,0.5,1678.25,672.5
312,"HH","Active",0.84375,1,0.15625,0.833333333333333,1790.16666666667,1437.16666666667
312,"HH","Passive",0.84375,1,0.15625,0.666666666666667,1886.5,1900.66666666667
312,"HL","Active",0.84375,1,0.15625,0.833333333333333,1540.5,440.666666666667
312,"HL","Passive",0.510416666666667,0.666666666666667,0.15625,1,1811,968.5
312,"LH","Active",0.677083333333333,0.833333333333333,0.15625,0.8,2114.4,2172.6
312,"LH","Passive",0.84375,1,0.15625,0.5,1534.5,1937.66666666667
312,"LL","Active",0.677083333333333,0.833333333333333,0.15625,1,1474.6,1522
312,"LL","Passive",0.677083333333333,0.833333333333333,0.15625,0.8,2168.8,1332.2
313,"HH","Active",0.40625,0.833333333333333,0.427083333333333,0.8,1316.2,960.4
313,"HH","Passive",0.572916666666667,1,0.427083333333333,1,1458.16666666667,935.833333333333
313,"HL","Active",0.572916666666667,1,0.427083333333333,0.666666666666667,1029.66666666667,960.166666666667
313,"HL","Passive",0.572916666666667,1,0.427083333333333,0.833333333333333,1292.83333333333,694.833333333333
313,"LH","Active",0.572916666666667,1,0.427083333333333,1,1034.83333333333,1012
313,"LH","Passive",0.40625,0.833333333333333,0.427083333333333,0.4,1096.2,438.8
313,"LL","Active",0.572916666666667,1,0.427083333333333,0.666666666666667,1333.5,678.5
313,"LL","Passive",0.572916666666667,1,0.427083333333333,0.5,1407.33333333333,523.833333333333
314,"HH","Active",0.6875,0.833333333333333,0.145833333333333,0.8,1314,546
314,"HH","Passive",0.854166666666667,1,0.145833333333333,0.833333333333333,1898,640
314,"HL","Active",0.854166666666667,1,0.145833333333333,0.833333333333333,1381.66666666667,405.666666666667
314,"HL","Passive",0.6875,0.833333333333333,0.145833333333333,0.4,1538.8,989.2
314,"LH","Active",0.6875,0.833333333333333,0.145833333333333,0.8,1647.8,360.6
314,"LH","Passive",0.854166666666667,1,0.145833333333333,0.833333333333333,1668.33333333333,492.333333333333
314,"LL","Active",0.6875,0.833333333333333,0.145833333333333,0.6,1216.8,528.2
314,"LL","Passive",0.520833333333333,0.666666666666667,0.145833333333333,0.75,1754.5,538
316,"HH","Active",0.854166666666667,1,0.145833333333333,0.5,1650.83333333333,1706.66666666667
316,"HH","Passive",0.854166666666667,1,0.145833333333333,0.833333333333333,1868,1237.5
316,"HL","Active",0.854166666666667,1,0.145833333333333,0.666666666666667,1180.66666666667,1099
316,"HL","Passive",0.854166666666667,1,0.145833333333333,0.833333333333333,1564.33333333333,1217.66666666667
316,"LH","Active",0.520833333333333,0.666666666666667,0.145833333333333,1,1420.5,1406
316,"LH","Passive",0.854166666666667,1,0.145833333333333,0.5,1546.5,1320.66666666667
316,"LL","Active",0.520833333333333,0.666666666666667,0.145833333333333,1,1636.75,732.75
316,"LL","Passive",0.854166666666667,1,0.145833333333333,0.5,1744,1063.5
317,"HH","Active",0.760416666666667,1,0.239583333333333,0.833333333333333,1758.5,1981.5
317,"HH","Passive",0.760416666666667,1,0.239583333333333,0.333333333333333,1211.5,1210.5
317,"HL","Active",0.760416666666667,1,0.239583333333333,0.833333333333333,1286.5,1725
317,"HL","Passive",0.260416666666667,0.5,0.239583333333333,0.666666666666667,1359,1397.66666666667
317,"LH","Active",0.59375,0.833333333333333,0.239583333333333,0.8,1417.6,913.8
317,"LH","Passive",0.427083333333333,0.666666666666667,0.239583333333333,1,1442.5,1804
317,"LL","Active",0.59375,0.833333333333333,0.239583333333333,0.8,1522.4,1239.4
317,"LL","Passive",0.59375,0.833333333333333,0.239583333333333,0.8,1382,856.6
318,"HH","Active",0.875,1,0.125,0.833333333333333,1788.5,463.5
318,"HH","Passive",0.875,1,0.125,0.833333333333333,1906.83333333333,565.333333333333
318,"HL","Active",0.875,1,0.125,0.833333333333333,1737.16666666667,1446.83333333333
318,"HL","Passive",0.708333333333333,0.833333333333333,0.125,1,1775.8,1030.2
318,"LH","Active",0.708333333333333,0.833333333333333,0.125,1,2109.2,866.6
318,"LH","Passive",0.708333333333333,0.833333333333333,0.125,1,1739.8,856.4
318,"LL","Active",0.875,1,0.125,0.5,1635.33333333333,1735.66666666667
318,"LL","Passive",0.708333333333333,0.833333333333333,0.125,0.8,1847,638.8
322,"HH","Active",0.59375,0.833333333333333,0.239583333333333,0.6,1401.4,908
322,"HH","Passive",0.427083333333333,0.666666666666667,0.239583333333333,1,1690.75,752.25
322,"HL","Active",0.760416666666667,1,0.239583333333333,0.5,1241.33333333333,646.666666666667
322,"HL","Passive",0.427083333333333,0.666666666666667,0.239583333333333,1,2192.25,711.25
322,"LH","Active",0.59375,0.833333333333333,0.239583333333333,1,1691.6,800.8
322,"LH","Passive",0.59375,0.833333333333333,0.239583333333333,0.4,1343.8,596.4
322,"LL","Active",0.59375,0.833333333333333,0.239583333333333,0.8,1407.6,753.6
322,"LL","Passive",0.59375,0.833333333333333,0.239583333333333,0.4,1354.4,1337.8
323,"HH","Active",0.9375,1,0.0625,0.5,1889.16666666667,509.5
323,"HH","Passive",0.770833333333333,0.833333333333333,0.0625,1,1684.8,955.6
323,"HL","Active",0.770833333333333,0.833333333333333,0.0625,1,1472.2,145.4
323,"HL","Passive",0.9375,1,0.0625,0.666666666666667,2247,1054.83333333333
323,"LH","Active",0.9375,1,0.0625,0.833333333333333,1559,971.333333333333
323,"LH","Passive",0.9375,1,0.0625,0.833333333333333,1501.66666666667,669.5
323,"LL","Active",0.9375,1,0.0625,0.833333333333333,1875,852.666666666667
323,"LL","Passive",0.9375,1,0.0625,0.666666666666667,2170.16666666667,371
325,"HH","Active",0.552083333333333,0.666666666666667,0.114583333333333,0.5,1280.25,312.75
325,"HH","Passive",0.71875,0.833333333333333,0.114583333333333,0.6,1873.2,766.4
325,"HL","Active",0.21875,0.333333333333333,0.114583333333333,0.5,2067.5,1184
325,"HL","Passive",0.71875,0.833333333333333,0.114583333333333,0.8,2364.8,1120.2
325,"LH","Active",0.385416666666667,0.5,0.114583333333333,1,1893.33333333333,682.666666666667
325,"LH","Passive",0.552083333333333,0.666666666666667,0.114583333333333,1,1808,555.5
325,"LL","Active",0.0520833333333333,0.166666666666667,0.114583333333333,1,2978,336
325,"LL","Passive",0.885416666666667,1,0.114583333333333,0.666666666666667,2624,721.5
326,"HH","Active",0.354166666666667,0.5,0.145833333333333,0.666666666666667,1172.33333333333,460
326,"HH","Passive",0.520833333333333,0.666666666666667,0.145833333333333,1,1316.5,445
326,"HL","Active",0.520833333333333,0.666666666666667,0.145833333333333,0.75,1189.75,424
326,"HL","Passive",0.854166666666667,1,0.145833333333333,0.5,1158.33333333333,307.666666666667
326,"LH","Active",0.6875,0.833333333333333,0.145833333333333,1,1567.6,364.6
326,"LH","Passive",0.520833333333333,0.666666666666667,0.145833333333333,0.5,1021.25,363.5
326,"LL","Active",0.6875,0.833333333333333,0.145833333333333,0.6,1428.4,245.4
326,"LL","Passive",0.854166666666667,1,0.145833333333333,0.833333333333333,1683.83333333333,280.333333333333
327,"HH","Active",0.71875,0.833333333333333,0.114583333333333,0.6,1675,231.4
327,"HH","Passive",0.885416666666667,1,0.114583333333333,1,2136.16666666667,1304.66666666667
327,"HL","Active",0.885416666666667,1,0.114583333333333,0.833333333333333,2061.16666666667,875.5
327,"HL","Passive",0.885416666666667,1,0.114583333333333,0.666666666666667,1685.5,670.5
327,"LH","Active",0.885416666666667,1,0.114583333333333,0.666666666666667,1585.16666666667,708.666666666667
327,"LH","Passive",0.885416666666667,1,0.114583333333333,0.666666666666667,2222.16666666667,856.333333333333
327,"LL","Active",0.552083333333333,0.666666666666667,0.114583333333333,0.75,2282.75,761.75
327,"LL","Passive",0.885416666666667,1,0.114583333333333,0.666666666666667,2439.16666666667,1341.83333333333
328,"HH","Active",0.84375,1,0.15625,0.666666666666667,1260.16666666667,997
328,"HH","Passive",0.84375,1,0.15625,0.833333333333333,1333,691.166666666667
328,"HL","Active",0.510416666666667,0.666666666666667,0.15625,0.75,1124,2828.5
328,"HL","Passive",0.677083333333333,0.833333333333333,0.15625,0.8,1086.6,459.2
328,"LH","Active",0.84375,1,0.15625,0.833333333333333,1228,738.5
328,"LH","Passive",0.677083333333333,0.833333333333333,0.15625,1,1432,516.4
328,"LL","Active",0.84375,1,0.15625,0.833333333333333,1421,723
328,"LL","Passive",0.510416666666667,0.666666666666667,0.15625,0.75,1497.75,264
329,"HH","Active",0.75,0.833333333333333,0.0833333333333333,0.8,1858.2,353.6
329,"HH","Passive",0.916666666666667,1,0.0833333333333333,0.666666666666667,2755.33333333333,738.166666666667
329,"HL","Active",0.916666666666667,1,0.0833333333333333,0.666666666666667,2400,985
329,"HL","Passive",0.583333333333333,0.666666666666667,0.0833333333333333,0.75,2712,1477.75
329,"LH","Active",0.416666666666667,0.5,0.0833333333333333,0.333333333333333,2560.66666666667,584
329,"LH","Passive",0.75,0.833333333333333,0.0833333333333333,0.8,1933.2,804.8
329,"LL","Active",0.916666666666667,1,0.0833333333333333,0.833333333333333,1537.16666666667,563.5
329,"LL","Passive",0.583333333333333,0.666666666666667,0.0833333333333333,0.75,1511.75,373.25
330,"HH","Active",0.78125,1,0.21875,0.833333333333333,3009,1081.5
330,"HH","Passive",0.78125,1,0.21875,0.666666666666667,1877.5,827.666666666667
330,"HL","Active",0.614583333333333,0.833333333333333,0.21875,1,2238.6,727.4
330,"HL","Passive",0.78125,1,0.21875,0.5,2723,519.833333333333
330,"LH","Active",0.78125,1,0.21875,0.833333333333333,2019.16666666667,529
330,"LH","Passive",0.614583333333333,0.833333333333333,0.21875,0.8,2219,443.6
330,"LL","Active",0.114583333333333,0.333333333333333,0.21875,0.5,2168.5,318.5
330,"LL","Passive",0.447916666666667,0.666666666666667,0.21875,0.75,2198.5,393.25
331,"HH","Active",0.604166666666667,0.666666666666667,0.0625,1,2035,1214.25
331,"HH","Passive",0.9375,1,0.0625,0.833333333333333,2631,1138.83333333333
331,"HL","Active",0.604166666666667,0.666666666666667,0.0625,0.75,2297.25,743.75
331,"HL","Passive",0.4375,0.5,0.0625,0.666666666666667,2266.66666666667,1100
331,"LH","Active",0.770833333333333,0.833333333333333,0.0625,1,2178.6,861.8
331,"LH","Passive",0.9375,1,0.0625,0.5,2723.16666666667,1414.33333333333
331,"LL","Active",0.770833333333333,0.833333333333333,0.0625,0.8,2354.8,1308.2
331,"LL","Passive",0.604166666666667,0.666666666666667,0.0625,0.75,2202.25,762.75
333,"HH","Active",0.625,1,0.375,0.666666666666667,1510.33333333333,417.5
333,"HH","Passive",0.458333333333333,0.833333333333333,0.375,0.6,1485.4,608
333,"HL","Active",0.625,1,0.375,0.833333333333333,1972.5,897.5
333,"HL","Passive",0.625,1,0.375,1,2090.33333333333,739.833333333333
333,"LH","Active",0.625,1,0.375,0.833333333333333,2007.16666666667,1113.83333333333
333,"LH","Passive",0.625,1,0.375,0.833333333333333,1510.83333333333,818.166666666667
333,"LL","Active",0.458333333333333,0.833333333333333,0.375,1,1693.8,1027
333,"LL","Passive",0.625,1,0.375,0.833333333333333,2246,576.666666666667
339,"HH","Active",0.677083333333333,1,0.322916666666667,0.666666666666667,1944.16666666667,1676.16666666667
339,"HH","Passive",0.677083333333333,1,0.322916666666667,1,2153,1848
339,"HL","Active",0.677083333333333,1,0.322916666666667,0.666666666666667,2034.16666666667,1440
339,"HL","Passive",0.677083333333333,1,0.322916666666667,0.666666666666667,2073.33333333333,1225.5
339,"LH","Active",0.510416666666667,0.833333333333333,0.322916666666667,0.4,1482.4,2363.8
339,"LH","Passive",0.677083333333333,1,0.322916666666667,0.666666666666667,1676.66666666667,2879.5
339,"LL","Active",0.677083333333333,1,0.322916666666667,0.666666666666667,1453,1530.33333333333
339,"LL","Passive",0.510416666666667,0.833333333333333,0.322916666666667,0.8,1810.4,1158
340,"HH","Active",0.927083333333333,1,0.0729166666666667,0.5,1687.33333333333,1501.5
340,"HH","Passive",0.927083333333333,1,0.0729166666666667,0.833333333333333,1641,1853
340,"HL","Active",0.927083333333333,1,0.0729166666666667,0.666666666666667,1866.66666666667,971.166666666667
340,"HL","Passive",0.927083333333333,1,0.0729166666666667,0.833333333333333,1670.33333333333,1558.5
340,"LH","Active",0.927083333333333,1,0.0729166666666667,0.833333333333333,1482,1496.66666666667
340,"LH","Passive",0.927083333333333,1,0.0729166666666667,1,1686.5,1032.33333333333
340,"LL","Active",0.760416666666667,0.833333333333333,0.0729166666666667,0.8,1559,1198.6
340,"LL","Passive",0.927083333333333,1,0.0729166666666667,0.833333333333333,1831.16666666667,1454.83333333333
342,"HH","Active",0.572916666666667,1,0.427083333333333,1,1354.5,845
342,"HH","Passive",0.40625,0.833333333333333,0.427083333333333,0.8,1157.8,1498.2
342,"HL","Active",0.572916666666667,1,0.427083333333333,0.833333333333333,1331,1106.66666666667
342,"HL","Passive",0.572916666666667,1,0.427083333333333,0.666666666666667,1384,1422.66666666667
342,"LH","Active",0.572916666666667,1,0.427083333333333,0.833333333333333,1283.83333333333,509.5
342,"LH","Passive",0.572916666666667,1,0.427083333333333,0.833333333333333,1435.33333333333,451
342,"LL","Active",0.572916666666667,1,0.427083333333333,0.666666666666667,1411.16666666667,488.833333333333
342,"LL","Passive",0.572916666666667,1,0.427083333333333,0.833333333333333,1566.83333333333,1172
343,"HH","Active",0.6875,1,0.3125,0.666666666666667,1302,280.666666666667
343,"HH","Passive",0.354166666666667,0.666666666666667,0.3125,0.25,1095.25,139.25
343,"HL","Active",0.0208333333333333,0.333333333333333,0.3125,1,784.5,146.5
343,"HL","Passive",0.520833333333333,0.833333333333333,0.3125,0.6,1366.6,218
343,"LH","Active",0.354166666666667,0.666666666666667,0.3125,0.5,920.5,99.25
343,"LH","Passive",0.354166666666667,0.666666666666667,0.3125,0.25,1690.5,121.5
343,"LL","Active",0.1875,0.5,0.3125,0.333333333333333,1423.66666666667,129.333333333333
343,"LL","Passive",0.520833333333333,0.833333333333333,0.3125,0.6,1972.2,573.6
344,"HH","Active",0.9375,1,0.0625,0.833333333333333,1804.33333333333,832.5
344,"HH","Passive",0.9375,1,0.0625,0.666666666666667,1724.16666666667,551.833333333333
344,"HL","Active",0.770833333333333,0.833333333333333,0.0625,1,1781,971.2
344,"HL","Passive",0.9375,1,0.0625,0.833333333333333,2126.33333333333,2348.16666666667
344,"LH","Active",0.770833333333333,0.833333333333333,0.0625,1,1659.2,499.6
344,"LH","Passive",0.9375,1,0.0625,0.833333333333333,1875.16666666667,1350.5
344,"LL","Active",0.9375,1,0.0625,1,1976.5,1722.66666666667
344,"LL","Passive",0.9375,1,0.0625,0.666666666666667,1735.16666666667,1546.66666666667
346,"HH","Active",0.609375,1,0.390625,0.5,2033,457.5
346,"HH","Passive",0.359375,0.75,0.390625,0.333333333333333,1643,1893.33333333333
346,"HL","Active",0.609375,1,0.390625,0.5,1318.75,1290
346,"HL","Passive",0.609375,1,0.390625,0.75,1971.75,542
346,"LH","Active",0.609375,1,0.390625,0.75,1690.75,4380
346,"LH","Passive",0.609375,1,0.390625,0.75,1334.25,1244
346,"LL","Active",0.359375,0.75,0.390625,0.333333333333333,2031,1715
346,"LL","Passive",0.609375,1,0.390625,0.25,1704.75,330
350,"HH","Active",0.75,0.833333333333333,0.0833333333333333,1,1641.2,725.4
350,"HH","Passive",0.416666666666667,0.5,0.0833333333333333,0.666666666666667,1736,2004
350,"HL","Active",0.75,0.833333333333333,0.0833333333333333,1,1589.2,1465.2
350,"HL","Passive",0.916666666666667,1,0.0833333333333333,0.833333333333333,2082.83333333333,1268.33333333333
350,"LH","Active",0.75,0.833333333333333,0.0833333333333333,0.8,1651,524.4
350,"LH","Passive",0.75,0.833333333333333,0.0833333333333333,1,1736.4,955
350,"LL","Active",0.583333333333333,0.666666666666667,0.0833333333333333,0.75,2120.25,2580.5
350,"LL","Passive",0.75,0.833333333333333,0.0833333333333333,0.8,1858.2,1734.6
351,"HH","Active",0.4375,0.666666666666667,0.229166666666667,1,1862,683.75
351,"HH","Passive",0.770833333333333,1,0.229166666666667,0.666666666666667,1996.16666666667,773.5
351,"HL","Active",0.770833333333333,1,0.229166666666667,0.666666666666667,1934.16666666667,1407
351,"HL","Passive",0.770833333333333,1,0.229166666666667,0.666666666666667,1798.33333333333,1993.5
351,"LH","Active",0.770833333333333,1,0.229166666666667,0.666666666666667,1498.66666666667,781.666666666667
351,"LH","Passive",0.770833333333333,1,0.229166666666667,1,1749,948.5
351,"LL","Active",0.770833333333333,1,0.229166666666667,0.5,1606.83333333333,1011.66666666667
351,"LL","Passive",0.604166666666667,0.833333333333333,0.229166666666667,0.6,1514,733.8
354,"HH","Active",0.5625,0.666666666666667,0.104166666666667,0.5,1130.75,205.25
354,"HH","Passive",0.729166666666667,0.833333333333333,0.104166666666667,0.4,1462.2,553.6
354,"HL","Active",0.895833333333333,1,0.104166666666667,0.833333333333333,1201.83333333333,231.666666666667
354,"HL","Passive",0.895833333333333,1,0.104166666666667,0.833333333333333,1253.16666666667,780.166666666667
354,"LH","Active",0.5625,0.666666666666667,0.104166666666667,0.5,1968.75,180.5
354,"LH","Passive",0.5625,0.666666666666667,0.104166666666667,0.5,1098,262.75
354,"LL","Active",0.5625,0.666666666666667,0.104166666666667,0.5,1657.75,735.75
354,"LL","Passive",0.729166666666667,0.833333333333333,0.104166666666667,0.8,1421,236.8
355,"HH","Active",0.59375,0.666666666666667,0.0729166666666667,0.75,1604.25,1210.25
355,"HH","Passive",0.927083333333333,1,0.0729166666666667,1,1511,927.166666666667
355,"HL","Active",0.927083333333333,1,0.0729166666666667,1,1658.83333333333,978.833333333333
355,"HL","Passive",0.927083333333333,1,0.0729166666666667,0.666666666666667,1788.66666666667,1079.66666666667
355,"LH","Active",0.760416666666667,0.833333333333333,0.0729166666666667,1,2350,818.6
355,"LH","Passive",0.760416666666667,0.833333333333333,0.0729166666666667,1,1472.2,627.4
355,"LL","Active",0.927083333333333,1,0.0729166666666667,0.666666666666667,1619.16666666667,668
355,"LL","Passive",0.927083333333333,1,0.0729166666666667,1,1416.83333333333,725
356,"HH","Active",0.697916666666667,0.833333333333333,0.135416666666667,1,1621.4,945
356,"HH","Passive",0.864583333333333,1,0.135416666666667,0.666666666666667,2033.83333333333,1019.16666666667
356,"HL","Active",0.864583333333333,1,0.135416666666667,0.5,1339,610.166666666667
356,"HL","Passive",0.864583333333333,1,0.135416666666667,0.333333333333333,1666.83333333333,596.666666666667
356,"LH","Active",0.697916666666667,0.833333333333333,0.135416666666667,0.4,1650.6,984.8
356,"LH","Passive",0.697916666666667,0.833333333333333,0.135416666666667,0.8,1365.2,1295.2
356,"LL","Active",0.697916666666667,0.833333333333333,0.135416666666667,0.8,1540.6,681
356,"LL","Passive",0.864583333333333,1,0.135416666666667,0.666666666666667,2266,613.166666666667
361,"HH","Active",0.916666666666667,1,0.0833333333333333,1,2214.16666666667,466.833333333333
361,"HH","Passive",0.916666666666667,1,0.0833333333333333,1,1812.16666666667,686
361,"HL","Active",0.916666666666667,1,0.0833333333333333,1,1524,335
361,"HL","Passive",0.75,0.833333333333333,0.0833333333333333,0.6,2297.8,610.8
361,"LH","Active",0.916666666666667,1,0.0833333333333333,0.833333333333333,1905,1648.33333333333
361,"LH","Passive",0.916666666666667,1,0.0833333333333333,0.833333333333333,2340.83333333333,1492.66666666667
361,"LL","Active",0.916666666666667,1,0.0833333333333333,1,2001,648.166666666667
361,"LL","Passive",0.916666666666667,1,0.0833333333333333,0.833333333333333,2118.66666666667,424.666666666667
362,"HH","Active",0.552083333333333,0.666666666666667,0.114583333333333,1,1466.75,1030
362,"HH","Passive",0.71875,0.833333333333333,0.114583333333333,0.8,1895.4,1539.8
362,"HL","Active",0.385416666666667,0.5,0.114583333333333,0,1958.66666666667,1138
362,"HL","Passive",0.885416666666667,1,0.114583333333333,0.833333333333333,1654.66666666667,954.333333333333
362,"LH","Active",0.71875,0.833333333333333,0.114583333333333,0.8,1816,802.4
362,"LH","Passive",0.385416666666667,0.5,0.114583333333333,0.333333333333333,1526.33333333333,700.666666666667
362,"LL","Active",0.552083333333333,0.666666666666667,0.114583333333333,0.5,1775,1199.75
362,"LL","Passive",0.552083333333333,0.666666666666667,0.114583333333333,0.5,2300.25,825
363,"HH","Active",0.645833333333333,0.833333333333333,0.1875,0.6,1462.8,466
363,"HH","Passive",0.8125,1,0.1875,0.833333333333333,1413.66666666667,1123.83333333333
363,"HL","Active",0.8125,1,0.1875,0.333333333333333,1308.66666666667,664.833333333333
363,"HL","Passive",0.8125,1,0.1875,0.5,1434.66666666667,665.166666666667
363,"LH","Active",0.645833333333333,0.833333333333333,0.1875,1,1347.6,439.4
363,"LH","Passive",0.479166666666667,0.666666666666667,0.1875,0.75,1742.75,1482.25
363,"LL","Active",0.479166666666667,0.666666666666667,0.1875,0.5,1479.5,234.5
363,"LL","Passive",0.645833333333333,0.833333333333333,0.1875,0.8,1655.2,530.4
364,"HH","Active",0.96875,1,0.03125,1,1583.33333333333,809
364,"HH","Passive",0.635416666666667,0.666666666666667,0.03125,0.5,1432.5,550.5
364,"HL","Active",0.802083333333333,0.833333333333333,0.03125,0.8,1769.2,765.8
364,"HL","Passive",0.802083333333333,0.833333333333333,0.03125,0.8,1488.2,691.6
364,"LH","Active",0.802083333333333,0.833333333333333,0.03125,0.8,1636.4,901.2
364,"LH","Passive",0.802083333333333,0.833333333333333,0.03125,0.6,1534,525.4
364,"LL","Active",0.635416666666667,0.666666666666667,0.03125,1,1352.5,454.5
364,"LL","Passive",0.302083333333333,0.333333333333333,0.03125,0.5,1352.5,896
366,"HH","Active",0.791666666666667,1,0.208333333333333,0.5,2194.16666666667,1795.16666666667
366,"HH","Passive",0.791666666666667,1,0.208333333333333,0.5,2340.83333333333,858.5
366,"HL","Active",0.791666666666667,1,0.208333333333333,0.833333333333333,1670.66666666667,516.833333333333
366,"HL","Passive",0.625,0.833333333333333,0.208333333333333,1,2247.4,878.2
366,"LH","Active",0.625,0.833333333333333,0.208333333333333,0.6,2158,773.8
366,"LH","Passive",0.791666666666667,1,0.208333333333333,0.833333333333333,2170.66666666667,447
366,"LL","Active",0.791666666666667,1,0.208333333333333,1,2413.83333333333,971.333333333333
366,"LL","Passive",0.791666666666667,1,0.208333333333333,0.833333333333333,2583.66666666667,1278.33333333333
367,"HH","Active",0.59375,1,0.40625,0.5,1759.25,1391.25
367,"HH","Passive",0.59375,1,0.40625,0.75,1365.5,586.5
367,"HL","Active",0.59375,1,0.40625,1,1308.5,688.25
367,"HL","Passive",0.59375,1,0.40625,0.5,1112.25,578.25
367,"LH","Active",0.59375,1,0.40625,0.5,1405.25,1383.75
367,"LH","Passive",0.59375,1,0.40625,0.75,1293.75,1292
367,"LL","Active",0.59375,1,0.40625,0.75,1727.5,1113
367,"LL","Passive",0.59375,1,0.40625,1,1699.25,1413.25
368,"HH","Active",0.947916666666667,1,0.0520833333333333,0.833333333333333,1119,194
368,"HH","Passive",0.78125,0.833333333333333,0.0520833333333333,1,1233.6,508.4
368,"HL","Active",0.614583333333333,0.666666666666667,0.0520833333333333,0.75,1356.75,666.5
368,"HL","Passive",0.614583333333333,0.666666666666667,0.0520833333333333,1,1514.5,234.25
368,"LH","Active",0.947916666666667,1,0.0520833333333333,1,1527.5,214.5
368,"LH","Passive",0.78125,0.833333333333333,0.0520833333333333,0.8,1352.6,215.4
368,"LL","Active",0.78125,0.833333333333333,0.0520833333333333,0.4,1565.2,204.2
368,"LL","Passive",0.447916666666667,0.5,0.0520833333333333,1,954.333333333333,391.666666666667
369,"HH","Active",0.552083333333333,0.666666666666667,0.114583333333333,0.75,1683.75,1851.25
369,"HH","Passive",0.552083333333333,0.666666666666667,0.114583333333333,1,1616.5,2525
369,"HL","Active",0.552083333333333,0.666666666666667,0.114583333333333,0.25,1244.25,2126.25
369,"HL","Passive",0.71875,0.833333333333333,0.114583333333333,0.6,1785.6,1363.6
369,"LH","Active",0.552083333333333,0.666666666666667,0.114583333333333,0.75,1629.75,1741.5
369,"LH","Passive",0.552083333333333,0.666666666666667,0.114583333333333,0.75,1614.75,1388.75
369,"LL","Active",0.552083333333333,0.666666666666667,0.114583333333333,0.5,1467.5,2261.75
369,"LL","Passive",0.71875,0.833333333333333,0.114583333333333,0.2,2206.2,1388.2
370,"HH","Active",0.822916666666667,1,0.177083333333333,0.666666666666667,1737.66666666667,2816.83333333333
370,"HH","Passive",0.822916666666667,1,0.177083333333333,1,1661,729.333333333333
370,"HL","Active",0.489583333333333,0.666666666666667,0.177083333333333,0.5,1472,377.25
370,"HL","Passive",0.489583333333333,0.666666666666667,0.177083333333333,1,1567.5,513
370,"LH","Active",0.822916666666667,1,0.177083333333333,0.833333333333333,1621.66666666667,350.166666666667
370,"LH","Passive",0.65625,0.833333333333333,0.177083333333333,0.8,1535.4,207.4
370,"LL","Active",0.15625,0.333333333333333,0.177083333333333,0.5,2563,934
370,"LL","Passive",0.489583333333333,0.666666666666667,0.177083333333333,0.5,1333.25,844.5
371,"HH","Active",0.0833333333333333,0.166666666666667,0.0833333333333333,0,2166,2411
371,"HH","Passive",0.583333333333333,0.666666666666667,0.0833333333333333,0.75,1971.75,2662.5
371,"HL","Active",0.416666666666667,0.5,0.0833333333333333,0,2184,4181
371,"HL","Passive",0.583333333333333,0.666666666666667,0.0833333333333333,0.5,2559.5,3306.25
371,"LH","Active",0.25,0.333333333333333,0.0833333333333333,1,1882,770.5
371,"LH","Passive",-0.0833333333333333,0,0.0833333333333333,NA,NA,NA
371,"LL","Active",0.416666666666667,0.5,0.0833333333333333,0.666666666666667,1850,1428
371,"LL","Passive",0.416666666666667,0.5,0.0833333333333333,1,2284.66666666667,1461
372,"HH","Active",0.416666666666667,0.5,0.0833333333333333,0.666666666666667,1153,494.333333333333
372,"HH","Passive",0.75,0.833333333333333,0.0833333333333333,0.6,1226.8,1774.2
372,"HL","Active",0.916666666666667,1,0.0833333333333333,0.833333333333333,1429,850.333333333333
372,"HL","Passive",0.75,0.833333333333333,0.0833333333333333,0.8,1232.4,556
372,"LH","Active",0.916666666666667,1,0.0833333333333333,1,1301.83333333333,800.333333333333
372,"LH","Passive",0.583333333333333,0.666666666666667,0.0833333333333333,0.75,1598.25,442.25
372,"LL","Active",0.583333333333333,0.666666666666667,0.0833333333333333,0.75,1048.25,2588.5
372,"LL","Passive",0.25,0.333333333333333,0.0833333333333333,1,854,431.5
373,"HH","Active",0.359375,0.75,0.390625,0.666666666666667,1654.66666666667,1034
373,"HH","Passive",-0.140625,0.25,0.390625,1,1660,505
373,"HL","Active",0.359375,0.75,0.390625,1,2561.66666666667,712.666666666667
373,"HL","Passive",0.359375,0.75,0.390625,0.666666666666667,1577.33333333333,3563.66666666667
373,"LH","Active",0.109375,0.5,0.390625,0.5,1239,307.5
373,"LH","Passive",0.359375,0.75,0.390625,0.666666666666667,1527,483
373,"LL","Active",0.359375,0.75,0.390625,0.666666666666667,1158,1192.66666666667
373,"LL","Passive",0.609375,1,0.390625,0.75,1834.5,249.75
374,"HH","Active",0.458333333333333,0.666666666666667,0.208333333333333,0.5,2421.75,651
374,"HH","Passive",0.458333333333333,0.666666666666667,0.208333333333333,1,1845,576.75
374,"HL","Active",0.291666666666667,0.5,0.208333333333333,1,2605,505
374,"HL","Passive",0.291666666666667,0.5,0.208333333333333,0.666666666666667,2106.33333333333,847.333333333333
374,"LH","Active",0.458333333333333,0.666666666666667,0.208333333333333,0.5,1696.5,347
374,"LH","Passive",0.625,0.833333333333333,0.208333333333333,0.8,1594,344
374,"LL","Active",0.291666666666667,0.5,0.208333333333333,1,1339,379.666666666667
374,"LL","Passive",0.458333333333333,0.666666666666667,0.208333333333333,0.75,1404.5,933.5
375,"HH","Active",0.739583333333333,0.833333333333333,0.09375,0.6,2054.6,4583.4
375,"HH","Passive",0.90625,1,0.09375,0.833333333333333,1684.83333333333,3143
375,"HL","Active",0.90625,1,0.09375,0.666666666666667,1693.83333333333,2421.5
375,"HL","Passive",0.739583333333333,0.833333333333333,0.09375,0.6,1703,3919.8
375,"LH","Active",0.739583333333333,0.833333333333333,0.09375,1,1598.2,2470.6
375,"LH","Passive",0.739583333333333,0.833333333333333,0.09375,1,1902,2271
375,"LL","Active",0.90625,1,0.09375,0.666666666666667,1617,3981.16666666667
375,"LL","Passive",0.40625,0.5,0.09375,0.333333333333333,2388.33333333333,2007
377,"HH","Active",0.78125,1,0.21875,0.666666666666667,1938.5,1601.33333333333
377,"HH","Passive",0.28125,0.5,0.21875,0.666666666666667,2329.33333333333,705.333333333333
377,"HL","Active",0.614583333333333,0.833333333333333,0.21875,1,1685.4,887.6
377,"HL","Passive",0.78125,1,0.21875,0.5,1993.66666666667,1234.16666666667
377,"LH","Active",0.28125,0.5,0.21875,0.666666666666667,2239.66666666667,316
377,"LH","Passive",0.78125,1,0.21875,0.666666666666667,1686.5,1684.33333333333
377,"LL","Active",0.614583333333333,0.833333333333333,0.21875,0.8,1781.4,696.8
377,"LL","Passive",0.447916666666667,0.666666666666667,0.21875,0.75,2240.25,912.75
378,"HH","Active",0.895833333333333,1,0.104166666666667,0.833333333333333,1098,1017
378,"HH","Passive",0.895833333333333,1,0.104166666666667,0.833333333333333,1172.33333333333,1517.33333333333
378,"HL","Active",0.729166666666667,0.833333333333333,0.104166666666667,0.8,1237.4,846
378,"HL","Passive",0.895833333333333,1,0.104166666666667,0.5,1181.66666666667,833.333333333333
378,"LH","Active",0.895833333333333,1,0.104166666666667,0.5,1308,840
378,"LH","Passive",0.895833333333333,1,0.104166666666667,1,1222,942.5
378,"LL","Active",0.895833333333333,1,0.104166666666667,0.666666666666667,1730.16666666667,664.833333333333
378,"LL","Passive",0.895833333333333,1,0.104166666666667,0.666666666666667,1550,875.833333333333
379,"HH","Active",0.53125,0.666666666666667,0.135416666666667,1,1609,447.25
379,"HH","Passive",0.364583333333333,0.5,0.135416666666667,0.333333333333333,1674.33333333333,1076.33333333333
379,"HL","Active",0.53125,0.666666666666667,0.135416666666667,0.75,1915,466.5
379,"HL","Passive",0.53125,0.666666666666667,0.135416666666667,0.75,1696.5,1129
379,"LH","Active",0.364583333333333,0.5,0.135416666666667,1,1586.66666666667,749.333333333333
379,"LH","Passive",0.53125,0.666666666666667,0.135416666666667,0.75,1525.5,702.75
379,"LL","Active",0.03125,0.166666666666667,0.135416666666667,1,1509,226
379,"LL","Passive",0.197916666666667,0.333333333333333,0.135416666666667,1,1853.5,2947.5
380,"HH","Active",0.78125,0.833333333333333,0.0520833333333333,0.8,1589.4,660.4
380,"HH","Passive",0.947916666666667,1,0.0520833333333333,0.666666666666667,1825.16666666667,392.166666666667
380,"HL","Active",0.78125,0.833333333333333,0.0520833333333333,0.8,2003.2,558
380,"HL","Passive",0.78125,0.833333333333333,0.0520833333333333,1,1849.4,685.6
380,"LH","Active",0.947916666666667,1,0.0520833333333333,1,1925.66666666667,786.5
380,"LH","Passive",0.947916666666667,1,0.0520833333333333,0.833333333333333,1640,362.5
380,"LL","Active",0.78125,0.833333333333333,0.0520833333333333,1,1996.4,1011.2
380,"LL","Passive",0.78125,0.833333333333333,0.0520833333333333,0.8,1809,787.2
381,"HH","Active",0.65625,1,0.34375,0.833333333333333,1081.33333333333,762.833333333333
381,"HH","Passive",0.65625,1,0.34375,0.5,1235,788.833333333333
381,"HL","Active",0.65625,1,0.34375,0.666666666666667,1450.83333333333,1178
381,"HL","Passive",0.65625,1,0.34375,0.5,1517.66666666667,691
381,"LH","Active",0.65625,1,0.34375,1,1620.33333333333,706.833333333333
381,"LH","Passive",0.65625,1,0.34375,0.833333333333333,1832.5,1491.33333333333
381,"LL","Active",0.65625,1,0.34375,1,1262.66666666667,1681.5
381,"LL","Passive",0.65625,1,0.34375,0.833333333333333,1295.33333333333,1336.66666666667
382,"HH","Active",0.864583333333333,1,0.135416666666667,0.666666666666667,1244.16666666667,758.166666666667
382,"HH","Passive",0.864583333333333,1,0.135416666666667,0.666666666666667,1746.66666666667,1425.83333333333
382,"HL","Active",0.864583333333333,1,0.135416666666667,0.833333333333333,1403.83333333333,778.333333333333
382,"HL","Passive",0.864583333333333,1,0.135416666666667,1,1490.16666666667,641.666666666667
382,"LH","Active",0.697916666666667,0.833333333333333,0.135416666666667,0.6,1702,1257.2
382,"LH","Passive",0.864583333333333,1,0.135416666666667,0.666666666666667,1194,920.5
382,"LL","Active",0.697916666666667,0.833333333333333,0.135416666666667,0.8,1504.6,1160.4
382,"LL","Passive",0.697916666666667,0.833333333333333,0.135416666666667,0.6,1527.4,1946.8
383,"HH","Active",0.614583333333333,0.833333333333333,0.21875,0.8,2328.8,524.6
383,"HH","Passive",0.78125,1,0.21875,0.666666666666667,2318.16666666667,337.666666666667
383,"HL","Active",0.78125,1,0.21875,1,2378.5,452.666666666667
383,"HL","Passive",0.614583333333333,0.833333333333333,0.21875,0.8,2494,300.4
383,"LH","Active",0.614583333333333,0.833333333333333,0.21875,0.6,2375,431.4
383,"LH","Passive",0.614583333333333,0.833333333333333,0.21875,0.8,1983.6,550.4
383,"LL","Active",0.78125,1,0.21875,0.5,2053.83333333333,456.166666666667
383,"LL","Passive",0.614583333333333,0.833333333333333,0.21875,0.4,2463.4,782.8
384,"HH","Active",0.739583333333333,0.833333333333333,0.09375,0.4,1385.2,1178.2
384,"HH","Passive",0.739583333333333,0.833333333333333,0.09375,0.6,2471.8,2052
384,"HL","Active",0.739583333333333,0.833333333333333,0.09375,0.6,2129,8084.2
384,"HL","Passive",0.739583333333333,0.833333333333333,0.09375,0.8,1832,1109.6
384,"LH","Active",0.90625,1,0.09375,0.666666666666667,1277.33333333333,679.333333333333
384,"LH","Passive",0.90625,1,0.09375,0.666666666666667,1844.5,710
384,"LL","Active",0.40625,0.5,0.09375,0.666666666666667,1719.33333333333,1329.66666666667
384,"LL","Passive",0.90625,1,0.09375,0.833333333333333,1501.33333333333,617.833333333333
386,"HH","Active",0.59375,0.666666666666667,0.0729166666666667,0.75,1452.25,711.75
386,"HH","Passive",0.59375,0.666666666666667,0.0729166666666667,0.75,1264.25,829.5
386,"HL","Active",0.59375,0.666666666666667,0.0729166666666667,0.75,2292.75,998.75
386,"HL","Passive",0.427083333333333,0.5,0.0729166666666667,0.333333333333333,1141,329.333333333333
386,"LH","Active",0.59375,0.666666666666667,0.0729166666666667,0.5,1585,489.25
386,"LH","Passive",0.59375,0.666666666666667,0.0729166666666667,1,1451.75,776.5
386,"LL","Active",0.59375,0.666666666666667,0.0729166666666667,1,1705.25,893.75
386,"LL","Passive",0.427083333333333,0.5,0.0729166666666667,1,1994.66666666667,351
390,"HH","Active",0.677083333333333,0.833333333333333,0.15625,0.8,1971.8,432.4
390,"HH","Passive",0.84375,1,0.15625,0.833333333333333,2408.16666666667,690.833333333333
390,"HL","Active",0.510416666666667,0.666666666666667,0.15625,1,1938.75,710.5
390,"HL","Passive",0.34375,0.5,0.15625,0.666666666666667,1961.33333333333,635.333333333333
390,"LH","Active",0.177083333333333,0.333333333333333,0.15625,1,1999,443
390,"LH","Passive",0.510416666666667,0.666666666666667,0.15625,0.75,2100.25,456.5
390,"LL","Active",0.34375,0.5,0.15625,0.666666666666667,2805.33333333333,603.666666666667
390,"LL","Passive",0.34375,0.5,0.15625,0.333333333333333,2227.66666666667,417.666666666667
391,"HH","Active",0.739583333333333,0.833333333333333,0.09375,0.8,1517.8,1463.8
391,"HH","Passive",0.739583333333333,0.833333333333333,0.09375,0.6,1880.8,1518.6
391,"HL","Active",0.90625,1,0.09375,0.833333333333333,1498,787.333333333333
391,"HL","Passive",0.572916666666667,0.666666666666667,0.09375,1,1374.25,1363.5
391,"LH","Active",0.739583333333333,0.833333333333333,0.09375,0.8,1340.6,1116.4
391,"LH","Passive",0.739583333333333,0.833333333333333,0.09375,0.6,1603.8,734.4
391,"LL","Active",0.739583333333333,0.833333333333333,0.09375,0.8,1570.2,806
391,"LL","Passive",0.572916666666667,0.666666666666667,0.09375,1,1801,780
392,"HH","Active",0.59375,0.833333333333333,0.239583333333333,0.6,2065.6,1290.4
392,"HH","Passive",0.760416666666667,1,0.239583333333333,0.666666666666667,1507.33333333333,867.333333333333
392,"HL","Active",0.59375,0.833333333333333,0.239583333333333,1,1462.4,1146.6
392,"HL","Passive",0.760416666666667,1,0.239583333333333,0.833333333333333,1800.5,1396
392,"LH","Active",0.59375,0.833333333333333,0.239583333333333,0.6,1525.2,1078
392,"LH","Passive",0.760416666666667,1,0.239583333333333,0.666666666666667,1619,1327.33333333333
392,"LL","Active",0.427083333333333,0.666666666666667,0.239583333333333,0.75,1582.75,344
392,"LL","Passive",0.760416666666667,1,0.239583333333333,0.5,2024.33333333333,1908.83333333333
395,"HH","Active",0.53125,0.666666666666667,0.135416666666667,0.75,1829.75,362.25
395,"HH","Passive",0.697916666666667,0.833333333333333,0.135416666666667,0.6,2196.2,1403.2
395,"HL","Active",0.864583333333333,1,0.135416666666667,1,2098.33333333333,384.666666666667
395,"HL","Passive",0.697916666666667,0.833333333333333,0.135416666666667,0.8,2101.4,781
395,"LH","Active",0.697916666666667,0.833333333333333,0.135416666666667,0.8,2006.6,830.6
395,"LH","Passive",0.864583333333333,1,0.135416666666667,0.833333333333333,1611.33333333333,693
395,"LL","Active",0.864583333333333,1,0.135416666666667,1,2039.83333333333,734.666666666667
395,"LL","Passive",0.197916666666667,0.333333333333333,0.135416666666667,0.5,1598.5,246.5
396,"HH","Active",0.614583333333333,0.666666666666667,0.0520833333333333,1,1834.5,1213.75
396,"HH","Passive",0.947916666666667,1,0.0520833333333333,1,1526.16666666667,969
396,"HL","Active",0.947916666666667,1,0.0520833333333333,1,1968,1044.66666666667
396,"HL","Passive",0.947916666666667,1,0.0520833333333333,1,1707.83333333333,2224.83333333333
396,"LH","Active",0.947916666666667,1,0.0520833333333333,1,1405.83333333333,1386.16666666667
396,"LH","Passive",0.78125,0.833333333333333,0.0520833333333333,1,1346.6,559.8
396,"LL","Active",0.947916666666667,1,0.0520833333333333,1,1536,931.666666666667
396,"LL","Passive",0.78125,0.833333333333333,0.0520833333333333,1,1804.8,1884
397,"HH","Active",0.947916666666667,1,0.0520833333333333,0.833333333333333,2004.5,563.666666666667
397,"HH","Passive",0.78125,0.833333333333333,0.0520833333333333,0.8,2360,820
397,"HL","Active",0.947916666666667,1,0.0520833333333333,0.666666666666667,1975.83333333333,977.333333333333
397,"HL","Passive",0.78125,0.833333333333333,0.0520833333333333,1,2801.6,984.2
397,"LH","Active",0.947916666666667,1,0.0520833333333333,0.666666666666667,1823.33333333333,1257.83333333333
397,"LH","Passive",0.78125,0.833333333333333,0.0520833333333333,1,1909,1045.4
397,"LL","Active",0.947916666666667,1,0.0520833333333333,0.666666666666667,1967.16666666667,1259.66666666667
397,"LL","Passive",0.78125,0.833333333333333,0.0520833333333333,0.8,2375.8,1326
398,"HH","Active",0.833333333333333,1,0.166666666666667,0.666666666666667,1476.83333333333,525.666666666667
398,"HH","Passive",0.833333333333333,1,0.166666666666667,0.666666666666667,1332.16666666667,884.833333333333
398,"HL","Active",0.666666666666667,0.833333333333333,0.166666666666667,0.4,1367.4,436.4
398,"HL","Passive",0.833333333333333,1,0.166666666666667,0.666666666666667,1647.33333333333,305.5
398,"LH","Active",0.666666666666667,0.833333333333333,0.166666666666667,0.8,1666,612.4
398,"LH","Passive",0.833333333333333,1,0.166666666666667,0.666666666666667,1153.66666666667,387.166666666667
398,"LL","Active",0.5,0.666666666666667,0.166666666666667,0.5,1345,333
398,"LL","Passive",0.666666666666667,0.833333333333333,0.166666666666667,0.8,1479.2,903.2
