"bf","error","time","code","model","BF10","BF_relative"
27.5978218760048,5.14401842663596e-05,"Wed Apr 22 02:27:45 2026","1d34c25181078","mean_rt",967345806482.874,1
20.952994368541,4.9379635970262e-05,"Wed Apr 22 02:27:46 2026","1d34c797b4468","noun_LH + noun_HL + noun_HH + mean_rt",1258258386.1639,0.00130073276560607
9.57175300800318,6.65707514879316e-05,"Wed Apr 22 02:27:45 2026","1d34c2684c533","noun_HL + mean_rt",14353.5561813704,1.48380817750767e-08
9.17173732421879,3.61744399846397e-05,"Wed Apr 22 02:27:46 2026","1d34c4813f5dd","noun_LH + noun_HL + noun_HH + mean_rt + mean_trial_position",9621.32554029268,9.94610766471856e-09
8.7337763016205,1.85744852501964e-06,"Wed Apr 22 02:27:45 2026","1d34c595e4626","noun_HL + noun_HH + mean_rt",6209.13144750843,6.41872989565531e-09
7.88368728365487,6.85189660306506e-05,"Wed Apr 22 02:27:45 2026","1d34c17151294","mean_rt + mean_trial_position",2653.63926301451,2.74321679510117e-09
7.39395869457828,6.91681517207457e-05,"Wed Apr 22 02:27:45 2026","1d34c588160b6","noun_HH + mean_rt",1626.13074292515,1.68102319979814e-09
6.28814107765821,3.85480546907268e-05,"Wed Apr 22 02:27:46 2026","1d34c540158bf","noun_LH + noun_HL + noun_HH + voice_Passive + mean_rt",538.152015885642,5.56318135954176e-10
5.18907459226211,7.27974657221759e-05,"Wed Apr 22 02:27:45 2026","1d34c455bade2","voice_Passive + mean_rt",179.302548167135,1.85355171817049e-10
3.44815614856441,7.70752401427843e-05,"Wed Apr 22 02:27:45 2026","1d34c21697044","noun_LH + mean_rt",31.4423637796015,3.25037474384898e-11
3.19631045493018,5.31464940107051e-05,"Wed Apr 22 02:27:46 2026","1d34c30312a02","noun_HL + noun_HH + mean_rt + mean_trial_position",24.4421830936149,2.52672652631669e-11
3.09366032701762,8.12278697137205e-08,"Wed Apr 22 02:27:45 2026","1d34c10c7ef71","noun_HL + mean_rt + mean_trial_position",22.0576686722189,2.28022580181717e-11
2.90691293442475,1.4444763784822e-05,"Wed Apr 22 02:27:46 2026","1d34c7959cc4a","noun_LH + noun_HL + noun_HH + voice_Passive + mean_rt + mean_trial_position",18.3002173060562,1.8917968304006e-11
2.68929447921735,2.05600453438863e-07,"Wed Apr 22 02:27:46 2026","1d34c1c6fb43a","noun_HH + mean_rt + mean_trial_position",14.7212860824717,1.52182249448066e-11
2.40417900258508,5.35309111974234e-05,"Wed Apr 22 02:27:46 2026","1d34c43401a52","noun_HL + noun_HH + voice_Passive + mean_rt",11.0693386521764,1.14430006084617e-11
2.29395070959852,4.43065131081967e-07,"Wed Apr 22 02:27:45 2026","1d34c2858c41e","noun_LH + noun_HL + mean_rt",9.91402785838052,1.02486905840079e-11
2.26354681657111,4.6665344141958e-07,"Wed Apr 22 02:27:45 2026","1d34c7d5da86d","noun_HL + voice_Passive + mean_rt",9.61713897473983,9.94177977543142e-12
1.79932768756012,9.49469637860841e-07,"Wed Apr 22 02:27:46 2026","1d34c44eb564a","voice_Passive + mean_rt + mean_trial_position",6.04558157809188,6.24965915764158e-12
1.74905427435577,1.01856908606979e-06,"Wed Apr 22 02:27:45 2026","1d34c2381e606","noun_HH + voice_Passive + mean_rt",5.74916297332126,5.9432345028965e-12
1.66446548132243,1.14419318020327e-06,"Wed Apr 22 02:27:45 2026","1d34c3582e5d1","noun_LH + noun_HH + mean_rt",5.28284871363616,5.4611791132313e-12
1.27202667920222,1.92688998093971e-06,"Wed Apr 22 02:27:45 2026","1d34c47ca389","noun_LH + mean_rt + mean_trial_position",3.56807658610248,3.68852230731788e-12
0.952825007983461,5.35344122461997e-05,"Wed Apr 22 02:27:46 2026","1d34c4c909967","noun_HL + noun_HH + voice_Passive + mean_rt + mean_trial_position",2.59302463731708,2.6805560327438e-12
0.891452169279862,5.43962341331976e-05,"Wed Apr 22 02:27:46 2026","1d34c4987a761","noun_LH + noun_HL + mean_rt + mean_trial_position",2.43866844060064,2.52098931349822e-12
0.823894394366596,5.44307217192691e-05,"Wed Apr 22 02:27:46 2026","1d34c6b98de71","noun_HL + voice_Passive + mean_rt + mean_trial_position",2.27935929923081,2.35630245560088e-12
0.812873822510927,3.59100930347255e-06,"Wed Apr 22 02:27:45 2026","1d34c1fa03b2d","noun_LH + voice_Passive + mean_rt",2.25437736672361,2.33047722088153e-12
0.750469524644669,5.4464608905077e-05,"Wed Apr 22 02:27:46 2026","1d34cee35543","noun_LH + noun_HH + mean_rt + mean_trial_position",2.11799423367968,2.18949027274992e-12
0.714734119239519,5.447928148283e-05,"Wed Apr 22 02:27:46 2026","1d34c751acc16","noun_HH + voice_Passive + mean_rt + mean_trial_position",2.04364324459692,2.11262945567243e-12
0.635481242532962,4.6923850005711e-06,"Wed Apr 22 02:27:45 2026","1d34c16c2001f","noun_LH + noun_HL + noun_HH",1.88793047532076,1.95166037074683e-12
0.625812106228305,5.4508503691453e-05,"Wed Apr 22 02:27:46 2026","1d34c5f1be3ff","noun_LH + noun_HL + voice_Passive + mean_rt",1.8697637878466,1.9328804397724e-12
0.454503235855272,5.45127603167328e-05,"Wed Apr 22 02:27:46 2026","1d34c379d44b5","noun_LH + noun_HH + voice_Passive + mean_rt",1.57539059105902,1.62857023879279e-12
0.336707680658605,5.44286398911916e-05,"Wed Apr 22 02:27:46 2026","1d34c2f3bce6e","noun_LH + voice_Passive + mean_rt + mean_trial_position",1.40032966045912,1.44759986663974e-12
0.30391823683194,5.43796887887094e-05,"Wed Apr 22 02:27:46 2026","1d34c1683ecb3","noun_LH + noun_HL + noun_HH + mean_trial_position",1.35515824952808,1.40090362768536e-12
0.263074437071212,0.000115865186375384,"Wed Apr 22 02:27:46 2026","1d34c73a193ec","noun_LH + noun_HL + voice_Passive + mean_rt + mean_trial_position",1.30092355228679,1.34483815773881e-12
0.227832013121562,2.43385831364416e-05,"Wed Apr 22 02:27:45 2026","1d34c4a5d2c81","mean_trial_position",1.25587433730159,1.29826823963579e-12
0.22096697163346,6.31229048822631e-05,"Wed Apr 22 02:27:46 2026","1d34c422f2ec7","noun_LH + noun_HH + voice_Passive + mean_rt + mean_trial_position",1.24728223418893,1.28938609732942e-12
0.219837605677194,2.41136636344405e-05,"Wed Apr 22 02:27:45 2026","1d34c384adba1","noun_HL",1.24587439123038,1.28793073054216e-12
0.17450300781726,2.26817583861985e-05,"Wed Apr 22 02:27:45 2026","1d34c41ee1f66","noun_HH",1.19065432365025,1.23084662761841e-12
0.153341864625141,0.000111413006868083,"Wed Apr 22 02:27:45 2026","1d34c5d0b902e","noun_HL + noun_HH",1.16572343043419,1.20507415509722e-12
0.131671535556163,5.35732330188672e-05,"Wed Apr 22 02:27:46 2026","1d34c38971ecc","noun_LH + noun_HL + noun_HH + voice_Passive",1.14073356730751,1.17924072204855e-12
0.098268704645918,1.94123817842491e-05,"Wed Apr 22 02:27:45 2026","1d34c6617fd31","noun_LH",1.10325919615487,1.14050134787492e-12
0.0935099779013454,1.91598544872989e-05,"Wed Apr 22 02:27:45 2026","1d34c77a5700f","voice_Passive",1.09802155923743,1.13508690674918e-12
0.0693202564812624,0.00012016989903001,"Wed Apr 22 02:27:45 2026","1d34c1a0529cc","noun_HL + mean_trial_position",1.07177939848996,1.10795890291476e-12
0.0689047224232601,7.29043915270532e-05,"Wed Apr 22 02:27:46 2026","1d34c211bc442","noun_LH + noun_HL + noun_HH + voice_Passive + mean_trial_position",1.0713341301657,1.10749860389731e-12
0.0623135982157679,0.000121328424045598,"Wed Apr 22 02:27:45 2026","1d34c18aa998a","noun_HH + mean_trial_position",1.06429605374353,1.10022294675898e-12
0.0589598477679571,2.23785636087061e-05,"Wed Apr 22 02:27:45 2026","1d34c466ac2ef","noun_HL + noun_HH + mean_trial_position",1.06073264910163,1.09653925410427e-12
0.0588715234181338,0.000121682788310905,"Wed Apr 22 02:27:45 2026","1d34c26243d99","noun_LH + noun_HL",1.06063896471743,1.09644240726463e-12
0.0434385293010697,0.000120722180536454,"Wed Apr 22 02:27:45 2026","1d34c3048dfea","noun_LH + noun_HH",1.04439579259945,1.07965092276228e-12
0.0360459355044627,0.000120080794841486,"Wed Apr 22 02:27:45 2026","1d34c9d7e843","noun_LH + mean_trial_position",1.03670346689391,1.07169893118492e-12
0.0322459542850491,0.000119678991734576,"Wed Apr 22 02:27:45 2026","1d34c779e89b9","voice_Passive + mean_trial_position",1.0327714886428,1.06763422317176e-12
0.0317731150682856,0.000119624658332898,"Wed Apr 22 02:27:45 2026","1d34c51989669","noun_HL + voice_Passive",1.03228326921476,1.06712952317226e-12
0.0277037513401511,3.09167858103205e-05,"Wed Apr 22 02:27:45 2026","1d34c5b8385e","noun_HL + noun_HH + voice_Passive",1.02809106870135,1.06279580870809e-12
0.0252582109522737,0.000118749000953437,"Wed Apr 22 02:27:45 2026","1d34c3303baad","noun_HH + voice_Passive",1.02557990230139,1.06019987415901e-12
0.0241795476184934,3.26192882176643e-05,"Wed Apr 22 02:27:45 2026","1d34c4f7576b3","noun_LH + noun_HL + mean_trial_position",1.02447424328903,1.05905689198558e-12
0.0210709972769558,3.43937495139315e-05,"Wed Apr 22 02:27:45 2026","1d34c52f929c7","noun_LH + noun_HH + mean_trial_position",1.02129455819622,1.05576987190288e-12
0.014254870648442,1.01934944263772e-05,"Wed Apr 22 02:27:45 2026","1d34cba7c4c9","noun_LH + voice_Passive",1.01435695581054,1.04859808045128e-12
0.012321319671792,4.18292938712677e-05,"Wed Apr 22 02:27:45 2026","1d34c7e76569e","noun_HL + voice_Passive + mean_trial_position",1.01239753985374,1.04657252150052e-12
0.0121350855104966,4.67998996141686e-05,"Wed Apr 22 02:27:46 2026","1d34c25a55563","noun_HL + noun_HH + voice_Passive + mean_trial_position",1.01220901440249,1.04637763209284e-12
0.0110721548818392,4.34109682074617e-05,"Wed Apr 22 02:27:45 2026","1d34c2ebf3689","noun_HH + voice_Passive + mean_trial_position",1.0111336780437,1.04526599615915e-12
0.0106694280483856,4.3967098740125e-05,"Wed Apr 22 02:27:45 2026","1d34cf55b94","noun_LH + noun_HL + voice_Passive",1.01072654936567,1.0448451242483e-12
0.00788755289472364,4.86554069448483e-05,"Wed Apr 22 02:27:45 2026","1d34c23d02ebd","noun_LH + noun_HH + voice_Passive",1.00791874158695,1.04194253475041e-12
0.00641575156309735,5.20205080193819e-05,"Wed Apr 22 02:27:45 2026","1d34c21136a85","noun_LH + voice_Passive + mean_trial_position",1.0064363765819,1.04041013031436e-12
0.00498725388827006,4.24121681476807e-05,"Wed Apr 22 02:27:46 2026","1d34c13806e34","noun_LH + noun_HL + voice_Passive + mean_trial_position",1.00499971093916,1.03892496789043e-12
0.00434402022171963,4.16376605133378e-05,"Wed Apr 22 02:27:46 2026","1d34c2c2b07be","noun_LH + noun_HH + voice_Passive + mean_trial_position",1.00435346915473,1.03825691125535e-12
